project_id,project_start_date,project_end_date,milestone_milestone_1_milestone_due_date,milestone_milestone_2_milestone_due_date,milestone_milestone_3_milestone_due_date,milestone_milestone_4_milestone_due_date,milestone_milestone_5_milestone_due_date,milestone_milestone_1_milestone_completed_date,milestone_milestone_2_milestone_completed_date,milestone_milestone_3_milestone_completed_date,milestone_milestone_4_milestone_completed_date,milestone_milestone_5_milestone_completed_date,team_name,alt_team_name
13260116,2023-03-13,2023-06-12,2023-05-21,2023-03-25,2023-04-28,2023-04-02,2023-05-22,2023-05-21,2023-03-24,2023-04-30,2023-04-03,2023-05-20,6,Horizon
79616348,2023-11-07,2023-12-26,2023-11-12,2023-11-09,2023-12-18,2023-11-16,2023-12-02,2023-11-12,2023-11-08,2023-12-19,2023-11-15,2023-12-04,1,Luminary
78156894,2023-01-28,2023-04-08,2023-02-18,2023-02-03,2023-03-31,2023-02-26,2023-03-03,2023-02-20,2023-02-02,2023-03-31,2023-03-01,2023-03-02,4,Odyssey
24985534,2023-06-19,2023-08-14,2023-07-06,2023-06-24,2023-08-06,2023-08-03,2023-06-22,2023-07-06,2023-06-27,2023-08-06,2023-07-31,2023-06-20,1,Luminary
15403509,2023-08-20,2023-10-29,2023-08-29,2023-10-26,2023-09-26,2023-09-08,2023-09-14,2023-08-30,2023-10-25,2023-09-27,2023-09-07,2023-09-16,4,Odyssey
86491353,2023-05-20,2023-07-22,2023-07-04,2023-07-14,2023-06-05,2023-06-08,2023-05-25,2023-07-01,2023-07-17,2023-06-07,2023-06-08,2023-05-24,3,Genesis
58143388,2023-11-03,2023-12-22,2023-11-18,2023-11-18,2023-12-06,2023-11-27,2023-11-14,2023-11-19,2023-11-21,2023-12-08,2023-11-30,2023-11-16,5,Endeavor
15334965,2023-08-20,2023-10-08,2023-10-01,2023-09-05,2023-08-21,2023-10-04,2023-09-28,2023-10-02,2023-09-07,2023-08-21,2023-10-07,2023-09-27,4,Odyssey
59091040,2023-08-10,2023-11-09,2023-11-02,2023-09-28,2023-11-07,2023-09-09,2023-10-12,2023-11-05,2023-09-26,2023-11-08,2023-09-12,2023-10-11,1,Luminary
34134703,2023-05-19,2023-07-14,2023-06-25,2023-06-12,2023-06-02,2023-07-12,2023-05-20,2023-06-27,2023-06-10,2023-06-03,2023-07-11,2023-05-22,3,Genesis
55756282,2023-06-27,2023-09-26,2023-09-06,2023-07-04,2023-07-29,2023-09-06,2023-07-01,2023-09-08,2023-07-07,2023-07-31,2023-09-08,2023-07-04,5,Endeavor
46139651,2023-07-31,2023-09-25,2023-08-27,2023-08-13,2023-08-23,2023-09-15,2023-09-03,2023-08-29,2023-08-10,2023-08-25,2023-09-17,2023-08-31,6,Horizon
75235877,2023-08-25,2023-10-27,2023-09-21,2023-09-28,2023-10-21,2023-10-25,2023-10-24,2023-09-24,2023-09-28,2023-10-18,2023-10-26,2023-10-23,1,Luminary
74846082,2023-02-21,2023-05-16,2023-05-01,2023-03-23,2023-03-30,2023-05-04,2023-04-02,2023-04-29,2023-03-20,2023-03-29,2023-05-03,2023-04-04,1,Luminary
66249169,2023-11-18,2024-01-27,2024-01-20,2023-11-25,2023-11-18,2024-01-14,2023-12-06,2024-01-18,2023-11-23,2023-11-16,2024-01-17,2023-12-07,5,Endeavor
10174962,2023-09-29,2023-12-01,2023-10-31,2023-10-14,2023-10-22,2023-10-20,2023-11-29,2023-11-01,2023-10-15,2023-10-21,2023-10-23,2023-11-27,4,Odyssey
96959075,2023-06-24,2023-08-26,2023-07-30,2023-08-18,2023-08-03,2023-06-27,2023-08-02,2023-08-02,2023-08-18,2023-08-06,2023-06-26,2023-08-04,3,Genesis
41696606,2023-12-05,2024-03-05,2024-02-11,2024-01-29,2024-01-14,2024-02-17,2024-02-07,2024-02-10,2024-02-01,2024-01-11,2024-02-17,2024-02-04,6,Horizon
97825473,2023-10-03,2023-11-28,2023-10-07,2023-10-19,2023-11-15,2023-10-09,2023-10-28,2023-10-10,2023-10-17,2023-11-18,2023-10-11,2023-10-30,2,Apex
97843046,2023-09-30,2023-12-23,2023-10-15,2023-11-12,2023-11-20,2023-11-16,2023-11-23,2023-10-15,2023-11-15,2023-11-23,2023-11-17,2023-11-22,1,Luminary
74077584,2023-08-23,2023-10-11,2023-08-23,2023-08-26,2023-10-10,2023-09-23,2023-09-22,2023-08-26,2023-08-26,2023-10-07,2023-09-22,2023-09-23,2,Apex
56205817,2023-11-22,2024-01-10,2024-01-06,2023-11-26,2024-01-01,2023-12-10,2023-11-30,2024-01-06,2023-11-25,2024-01-03,2023-12-12,2023-12-02,1,Luminary
31570954,2023-11-22,2024-01-24,2023-12-04,2023-11-23,2023-12-31,2024-01-01,2023-12-22,2023-12-05,2023-11-23,2024-01-03,2024-01-03,2023-12-21,4,Odyssey
15864343,2023-01-02,2023-02-20,2023-01-22,2023-01-03,2023-01-02,2023-01-11,2023-01-20,2023-01-24,2023-01-01,2023-01-02,2023-01-08,2023-01-21,4,Odyssey
74456315,2023-02-16,2023-05-04,2023-04-16,2023-04-20,2023-03-07,2023-03-17,2023-03-15,2023-04-15,2023-04-21,2023-03-05,2023-03-19,2023-03-12,4,Odyssey
80587639,2023-09-25,2023-12-18,2023-10-12,2023-10-04,2023-11-10,2023-12-16,2023-11-02,2023-10-15,2023-10-04,2023-11-12,2023-12-15,2023-11-04,5,Endeavor
98382302,2023-09-01,2023-11-10,2023-09-08,2023-09-03,2023-09-27,2023-10-14,2023-09-12,2023-09-05,2023-09-01,2023-09-24,2023-10-11,2023-09-11,5,Endeavor
32131233,2023-12-01,2024-02-09,2023-12-25,2023-12-13,2024-02-02,2024-01-20,2024-02-02,2023-12-22,2023-12-10,2024-01-31,2024-01-21,2024-01-31,6,Horizon
61710055,2023-09-08,2023-11-17,2023-10-11,2023-09-19,2023-09-22,2023-10-05,2023-09-09,2023-10-11,2023-09-18,2023-09-24,2023-10-07,2023-09-11,4,Odyssey
48625657,2023-01-17,2023-04-04,2023-01-20,2023-02-05,2023-03-24,2023-02-11,2023-03-12,2023-01-20,2023-02-06,2023-03-26,2023-02-13,2023-03-10,2,Apex
87882006,2023-05-03,2023-07-12,2023-06-07,2023-06-27,2023-05-07,2023-07-10,2023-06-30,2023-06-09,2023-06-24,2023-05-10,2023-07-10,2023-07-01,4,Odyssey
74920546,2023-09-12,2023-11-21,2023-10-30,2023-11-20,2023-11-13,2023-10-26,2023-11-13,2023-10-29,2023-11-17,2023-11-15,2023-10-25,2023-11-11,4,Odyssey
38592239,2023-06-19,2023-08-28,2023-07-25,2023-08-10,2023-07-06,2023-07-09,2023-07-25,2023-07-25,2023-08-08,2023-07-09,2023-07-08,2023-07-22,5,Endeavor
13663487,2023-08-17,2023-11-09,2023-09-14,2023-08-17,2023-08-30,2023-08-31,2023-09-12,2023-09-13,2023-08-18,2023-09-01,2023-08-30,2023-09-09,2,Apex
70966844,2023-05-10,2023-07-19,2023-06-11,2023-06-14,2023-07-18,2023-05-19,2023-06-11,2023-06-10,2023-06-12,2023-07-15,2023-05-22,2023-06-14,1,Luminary
93628005,2023-10-30,2024-01-08,2023-12-29,2023-11-02,2023-11-03,2023-11-25,2023-11-14,2023-12-26,2023-11-04,2023-11-01,2023-11-27,2023-11-16,6,Horizon
90500976,2023-02-28,2023-05-16,2023-04-25,2023-03-28,2023-04-04,2023-04-07,2023-04-22,2023-04-22,2023-03-25,2023-04-07,2023-04-06,2023-04-20,6,Horizon
33274204,2023-02-20,2023-04-17,2023-03-20,2023-03-03,2023-04-07,2023-03-15,2023-02-24,2023-03-23,2023-03-04,2023-04-05,2023-03-12,2023-02-27,3,Genesis
92083648,2023-04-30,2023-07-30,2023-05-17,2023-07-22,2023-06-19,2023-07-09,2023-05-06,2023-05-18,2023-07-20,2023-06-20,2023-07-07,2023-05-09,1,Luminary
69281294,2023-04-28,2023-07-28,2023-06-06,2023-07-18,2023-05-29,2023-05-27,2023-06-07,2023-06-04,2023-07-17,2023-06-01,2023-05-25,2023-06-10,3,Genesis
52311871,2023-02-12,2023-04-30,2023-02-21,2023-04-07,2023-03-30,2023-03-30,2023-03-16,2023-02-18,2023-04-06,2023-04-02,2023-03-28,2023-03-14,4,Odyssey
87630353,2023-11-23,2024-02-08,2023-12-26,2023-12-05,2024-01-08,2023-12-04,2024-01-29,2023-12-25,2023-12-08,2024-01-06,2023-12-01,2024-01-31,4,Odyssey
53991364,2023-07-13,2023-10-12,2023-08-23,2023-07-16,2023-08-11,2023-08-14,2023-09-22,2023-08-20,2023-07-14,2023-08-08,2023-08-13,2023-09-25,6,Horizon
67705457,2023-09-24,2023-12-24,2023-12-19,2023-10-09,2023-12-22,2023-10-10,2023-11-23,2023-12-17,2023-10-10,2023-12-21,2023-10-07,2023-11-21,6,Horizon
86219539,2023-08-08,2023-10-10,2023-09-13,2023-10-09,2023-08-16,2023-08-14,2023-08-16,2023-09-10,2023-10-07,2023-08-18,2023-08-14,2023-08-17,6,Horizon
94356588,2023-03-18,2023-05-06,2023-04-08,2023-03-23,2023-04-24,2023-03-18,2023-03-27,2023-04-10,2023-03-20,2023-04-24,2023-03-18,2023-03-30,1,Luminary
29339017,2023-06-02,2023-08-04,2023-07-26,2023-07-22,2023-06-30,2023-07-15,2023-07-19,2023-07-27,2023-07-23,2023-06-27,2023-07-15,2023-07-20,6,Horizon
78773301,2023-11-03,2023-12-29,2023-11-24,2023-12-14,2023-11-11,2023-12-08,2023-11-24,2023-11-25,2023-12-11,2023-11-13,2023-12-11,2023-11-27,4,Odyssey
67650965,2023-04-12,2023-07-05,2023-06-07,2023-06-26,2023-04-28,2023-05-23,2023-04-30,2023-06-08,2023-06-25,2023-04-28,2023-05-25,2023-04-27,3,Genesis
62538373,2023-05-20,2023-07-08,2023-05-31,2023-05-26,2023-05-22,2023-07-02,2023-06-08,2023-05-31,2023-05-29,2023-05-22,2023-07-02,2023-06-10,5,Endeavor
41840229,2023-02-16,2023-04-06,2023-04-05,2023-03-26,2023-03-12,2023-03-08,2023-02-20,2023-04-05,2023-03-28,2023-03-12,2023-03-05,2023-02-17,5,Endeavor
59477224,2023-11-06,2024-01-08,2023-11-26,2024-01-05,2023-11-20,2023-11-16,2023-11-25,2023-11-27,2024-01-03,2023-11-17,2023-11-14,2023-11-24,6,Horizon
61134581,2023-06-28,2023-09-13,2023-08-03,2023-08-02,2023-08-20,2023-07-12,2023-07-08,2023-08-05,2023-08-03,2023-08-21,2023-07-14,2023-07-07,5,Endeavor
49623494,2023-08-20,2023-10-29,2023-10-06,2023-09-03,2023-10-13,2023-09-28,2023-10-20,2023-10-07,2023-09-04,2023-10-12,2023-09-28,2023-10-21,1,Luminary
42295217,2023-09-22,2023-12-08,2023-11-02,2023-11-11,2023-11-09,2023-11-26,2023-10-23,2023-11-02,2023-11-08,2023-11-12,2023-11-28,2023-10-20,1,Luminary
38369597,2023-11-20,2024-02-19,2024-01-07,2024-01-07,2024-01-20,2024-01-24,2024-02-12,2024-01-09,2024-01-09,2024-01-23,2024-01-25,2024-02-14,2,Apex
44214441,2023-03-20,2023-06-19,2023-05-11,2023-05-18,2023-06-18,2023-04-10,2023-03-20,2023-05-09,2023-05-18,2023-06-18,2023-04-08,2023-03-20,1,Luminary
42453543,2023-05-13,2023-07-15,2023-06-12,2023-06-13,2023-05-16,2023-07-02,2023-05-27,2023-06-15,2023-06-13,2023-05-16,2023-07-02,2023-05-29,1,Luminary
82002605,2023-12-06,2024-01-24,2023-12-30,2023-12-21,2024-01-11,2024-01-03,2024-01-20,2023-12-29,2023-12-21,2024-01-10,2024-01-05,2024-01-19,5,Endeavor
88806510,2023-01-26,2023-03-30,2023-02-03,2023-03-17,2023-01-29,2023-02-01,2023-02-16,2023-02-01,2023-03-19,2023-01-29,2023-01-29,2023-02-13,4,Odyssey
59937705,2023-02-20,2023-05-22,2023-02-23,2023-03-21,2023-02-21,2023-05-04,2023-05-12,2023-02-20,2023-03-18,2023-02-21,2023-05-01,2023-05-14,4,Odyssey
71140879,2023-06-24,2023-09-16,2023-07-26,2023-09-15,2023-07-09,2023-09-09,2023-07-08,2023-07-25,2023-09-18,2023-07-07,2023-09-10,2023-07-05,4,Odyssey
41966207,2023-12-04,2024-02-19,2024-02-05,2024-01-17,2024-01-09,2024-01-22,2024-01-10,2024-02-06,2024-01-18,2024-01-08,2024-01-24,2024-01-07,3,Genesis
90440114,2023-07-25,2023-10-03,2023-09-11,2023-07-28,2023-09-18,2023-08-02,2023-09-28,2023-09-10,2023-07-31,2023-09-20,2023-08-05,2023-09-28,5,Endeavor
55329204,2023-11-05,2024-02-04,2024-01-22,2023-12-25,2024-01-17,2024-01-02,2023-11-12,2024-01-24,2023-12-22,2024-01-16,2024-01-03,2023-11-11,1,Luminary
93749468,2023-10-18,2023-12-20,2023-11-28,2023-11-07,2023-11-15,2023-12-08,2023-12-15,2023-11-25,2023-11-08,2023-11-16,2023-12-06,2023-12-13,4,Odyssey
94978596,2023-06-12,2023-09-04,2023-08-31,2023-07-28,2023-09-02,2023-08-27,2023-07-19,2023-08-31,2023-07-26,2023-09-05,2023-08-24,2023-07-18,4,Odyssey
29658016,2023-08-24,2023-11-23,2023-10-19,2023-09-15,2023-11-14,2023-11-15,2023-11-09,2023-10-20,2023-09-14,2023-11-11,2023-11-18,2023-11-08,2,Apex
53225362,2023-01-08,2023-03-26,2023-03-12,2023-01-08,2023-03-20,2023-01-25,2023-02-06,2023-03-10,2023-01-11,2023-03-20,2023-01-28,2023-02-07,2,Apex
42692076,2023-07-16,2023-10-15,2023-09-09,2023-08-09,2023-08-17,2023-07-22,2023-09-01,2023-09-12,2023-08-10,2023-08-18,2023-07-24,2023-09-03,4,Odyssey
29317701,2023-11-30,2024-02-15,2023-12-25,2023-12-29,2024-02-13,2024-01-08,2024-01-06,2023-12-22,2023-12-30,2024-02-15,2024-01-11,2024-01-08,2,Apex
44453794,2023-11-11,2024-01-13,2023-12-18,2023-11-17,2023-11-26,2024-01-12,2023-11-23,2023-12-15,2023-11-15,2023-11-25,2024-01-14,2023-11-26,5,Endeavor
83872350,2023-04-03,2023-06-05,2023-04-30,2023-05-05,2023-04-08,2023-04-06,2023-05-19,2023-04-29,2023-05-04,2023-04-05,2023-04-04,2023-05-22,4,Odyssey
33216380,2023-06-12,2023-08-07,2023-06-25,2023-07-29,2023-06-19,2023-06-26,2023-07-16,2023-06-26,2023-07-31,2023-06-19,2023-06-23,2023-07-14,3,Genesis
82010900,2023-06-09,2023-09-01,2023-06-12,2023-08-07,2023-07-24,2023-07-16,2023-07-23,2023-06-14,2023-08-04,2023-07-21,2023-07-18,2023-07-24,4,Odyssey
90053670,2023-01-19,2023-03-16,2023-01-28,2023-03-05,2023-02-02,2023-01-20,2023-01-22,2023-01-28,2023-03-05,2023-02-02,2023-01-19,2023-01-20,6,Horizon
25400175,2023-08-21,2023-10-23,2023-10-19,2023-09-02,2023-10-21,2023-09-21,2023-08-31,2023-10-18,2023-09-04,2023-10-20,2023-09-24,2023-09-01,5,Endeavor
69980832,2023-09-29,2023-12-15,2023-11-21,2023-12-01,2023-11-01,2023-10-17,2023-11-05,2023-11-18,2023-11-28,2023-10-30,2023-10-15,2023-11-08,1,Luminary
74400764,2023-11-01,2024-01-17,2024-01-15,2024-01-15,2023-12-18,2023-11-11,2023-11-06,2024-01-12,2024-01-17,2023-12-15,2023-11-10,2023-11-06,5,Endeavor
37489745,2023-08-25,2023-11-17,2023-11-01,2023-10-09,2023-10-23,2023-10-25,2023-09-26,2023-11-01,2023-10-09,2023-10-24,2023-10-25,2023-09-26,5,Endeavor
34363422,2023-09-10,2023-11-12,2023-09-22,2023-11-09,2023-10-08,2023-09-22,2023-10-17,2023-09-20,2023-11-12,2023-10-09,2023-09-19,2023-10-16,6,Horizon
90574158,2023-11-07,2024-01-16,2023-12-05,2024-01-12,2023-11-18,2023-12-27,2023-11-25,2023-12-02,2024-01-11,2023-11-20,2023-12-29,2023-11-26,1,Luminary
58041581,2023-01-15,2023-03-26,2023-02-22,2023-02-27,2023-02-20,2023-02-02,2023-02-28,2023-02-23,2023-03-01,2023-02-19,2023-01-30,2023-02-26,1,Luminary
91232988,2023-05-19,2023-07-28,2023-07-19,2023-05-26,2023-05-23,2023-05-22,2023-07-05,2023-07-20,2023-05-23,2023-05-20,2023-05-20,2023-07-04,3,Genesis
43430103,2023-04-10,2023-06-05,2023-04-12,2023-05-30,2023-06-04,2023-06-04,2023-04-30,2023-04-15,2023-05-28,2023-06-07,2023-06-03,2023-04-29,3,Genesis
21917949,2023-03-31,2023-06-02,2023-04-09,2023-05-30,2023-05-18,2023-05-20,2023-05-10,2023-04-06,2023-05-27,2023-05-18,2023-05-22,2023-05-10,4,Odyssey
82587381,2023-07-16,2023-09-10,2023-08-14,2023-07-27,2023-07-30,2023-08-26,2023-09-08,2023-08-12,2023-07-27,2023-07-31,2023-08-28,2023-09-06,2,Apex
76670403,2023-06-13,2023-08-29,2023-06-21,2023-06-23,2023-07-23,2023-06-19,2023-06-22,2023-06-22,2023-06-26,2023-07-25,2023-06-22,2023-06-21,5,Endeavor
38224568,2023-06-11,2023-07-30,2023-06-26,2023-06-13,2023-07-24,2023-07-22,2023-07-21,2023-06-26,2023-06-16,2023-07-26,2023-07-19,2023-07-21,5,Endeavor
49425508,2023-01-12,2023-03-02,2023-03-01,2023-02-12,2023-02-05,2023-01-19,2023-02-15,2023-03-01,2023-02-09,2023-02-08,2023-01-18,2023-02-16,1,Luminary
62302481,2023-01-28,2023-04-08,2023-02-08,2023-03-03,2023-04-05,2023-01-30,2023-03-02,2023-02-09,2023-03-03,2023-04-07,2023-02-01,2023-03-02,5,Endeavor
46699419,2023-05-16,2023-07-18,2023-06-02,2023-05-16,2023-06-07,2023-06-20,2023-05-22,2023-05-30,2023-05-16,2023-06-04,2023-06-19,2023-05-20,5,Endeavor
78685357,2023-08-20,2023-11-19,2023-11-14,2023-09-02,2023-09-09,2023-08-20,2023-09-08,2023-11-15,2023-09-02,2023-09-12,2023-08-22,2023-09-07,1,Luminary
37116606,2023-09-13,2023-11-01,2023-09-24,2023-09-13,2023-10-11,2023-10-18,2023-09-15,2023-09-24,2023-09-16,2023-10-08,2023-10-16,2023-09-15,6,Horizon
57506181,2023-08-23,2023-11-08,2023-09-14,2023-09-05,2023-09-10,2023-10-06,2023-09-02,2023-09-14,2023-09-06,2023-09-07,2023-10-06,2023-09-05,4,Odyssey
64588082,2023-07-05,2023-09-06,2023-08-07,2023-07-30,2023-07-17,2023-07-07,2023-07-25,2023-08-09,2023-07-29,2023-07-15,2023-07-06,2023-07-28,5,Endeavor
52322162,2023-05-21,2023-07-16,2023-06-22,2023-07-05,2023-06-18,2023-06-18,2023-07-13,2023-06-19,2023-07-06,2023-06-20,2023-06-15,2023-07-14,5,Endeavor
12783275,2023-09-04,2023-11-20,2023-10-05,2023-09-21,2023-10-31,2023-09-11,2023-09-13,2023-10-03,2023-09-24,2023-10-30,2023-09-10,2023-09-15,2,Apex
15815287,2023-07-27,2023-10-26,2023-09-21,2023-08-25,2023-08-11,2023-09-01,2023-10-22,2023-09-23,2023-08-28,2023-08-09,2023-08-30,2023-10-19,1,Luminary
35781921,2023-02-27,2023-04-24,2023-03-11,2023-03-20,2023-03-29,2023-04-17,2023-03-22,2023-03-10,2023-03-18,2023-03-27,2023-04-18,2023-03-20,5,Endeavor
36441012,2023-04-02,2023-07-02,2023-06-14,2023-04-19,2023-04-30,2023-05-08,2023-05-12,2023-06-17,2023-04-21,2023-04-27,2023-05-06,2023-05-15,2,Apex
91056437,2023-09-15,2023-12-08,2023-09-19,2023-12-07,2023-09-27,2023-11-12,2023-09-16,2023-09-19,2023-12-07,2023-09-30,2023-11-13,2023-09-19,6,Horizon
31951931,2023-06-02,2023-08-18,2023-06-09,2023-08-09,2023-06-09,2023-06-14,2023-07-12,2023-06-09,2023-08-11,2023-06-10,2023-06-16,2023-07-14,5,Endeavor
84788636,2023-04-27,2023-07-13,2023-06-19,2023-06-06,2023-07-07,2023-05-10,2023-06-23,2023-06-18,2023-06-09,2023-07-09,2023-05-09,2023-06-21,1,Luminary
71516527,2023-06-13,2023-08-22,2023-07-11,2023-08-13,2023-07-17,2023-06-21,2023-07-07,2023-07-08,2023-08-13,2023-07-17,2023-06-23,2023-07-06,5,Endeavor
20862987,2023-06-22,2023-09-21,2023-08-22,2023-07-27,2023-08-22,2023-08-12,2023-06-27,2023-08-21,2023-07-28,2023-08-19,2023-08-11,2023-06-28,2,Apex
43669119,2023-05-27,2023-07-15,2023-07-05,2023-05-27,2023-07-06,2023-06-27,2023-07-08,2023-07-04,2023-05-27,2023-07-06,2023-06-24,2023-07-05,1,Luminary
77306661,2023-03-21,2023-05-23,2023-04-26,2023-04-18,2023-05-05,2023-03-29,2023-04-08,2023-04-29,2023-04-17,2023-05-02,2023-03-31,2023-04-11,5,Endeavor
48623277,2023-11-06,2024-02-05,2023-11-16,2023-12-02,2023-11-16,2023-12-30,2024-01-03,2023-11-13,2023-12-03,2023-11-17,2023-12-31,2024-01-03,4,Odyssey
75289005,2023-09-25,2023-12-04,2023-10-09,2023-12-02,2023-11-07,2023-11-02,2023-10-12,2023-10-10,2023-12-03,2023-11-10,2023-11-04,2023-10-09,1,Luminary
66341640,2023-10-26,2024-01-04,2023-12-05,2023-12-06,2023-11-11,2023-11-19,2023-12-09,2023-12-08,2023-12-07,2023-11-13,2023-11-17,2023-12-08,3,Genesis
52168702,2023-05-13,2023-07-29,2023-07-02,2023-05-26,2023-06-16,2023-06-26,2023-07-13,2023-07-02,2023-05-27,2023-06-14,2023-06-23,2023-07-13,3,Genesis
61723246,2023-09-05,2023-10-24,2023-09-13,2023-10-21,2023-09-24,2023-10-03,2023-09-05,2023-09-16,2023-10-24,2023-09-23,2023-10-05,2023-09-02,3,Genesis
17308494,2023-11-19,2024-02-04,2024-01-25,2024-01-01,2024-01-18,2024-01-02,2023-11-19,2024-01-27,2023-12-30,2024-01-15,2023-12-31,2023-11-21,4,Odyssey
25439623,2023-03-26,2023-06-04,2023-04-23,2023-04-06,2023-05-26,2023-04-24,2023-05-17,2023-04-23,2023-04-07,2023-05-27,2023-04-25,2023-05-15,3,Genesis
17881345,2023-08-25,2023-10-27,2023-09-09,2023-10-05,2023-10-09,2023-09-02,2023-10-12,2023-09-08,2023-10-04,2023-10-09,2023-09-02,2023-10-15,2,Apex
54915222,2023-10-23,2023-12-25,2023-11-14,2023-12-14,2023-12-01,2023-11-19,2023-12-23,2023-11-16,2023-12-15,2023-11-28,2023-11-22,2023-12-25,1,Luminary
31436304,2023-01-09,2023-04-03,2023-01-20,2023-02-04,2023-03-14,2023-01-12,2023-01-09,2023-01-19,2023-02-01,2023-03-13,2023-01-09,2023-01-10,4,Odyssey
45718961,2023-04-10,2023-07-03,2023-05-18,2023-05-31,2023-06-05,2023-06-17,2023-05-18,2023-05-18,2023-05-30,2023-06-04,2023-06-19,2023-05-21,5,Endeavor
92542349,2023-06-22,2023-09-14,2023-07-01,2023-09-02,2023-07-16,2023-07-26,2023-07-19,2023-07-02,2023-09-05,2023-07-14,2023-07-25,2023-07-16,2,Apex
84998283,2023-12-05,2024-02-20,2024-02-16,2024-02-08,2023-12-24,2024-01-31,2023-12-13,2024-02-18,2024-02-06,2023-12-23,2024-01-30,2023-12-15,4,Odyssey
68803925,2023-01-14,2023-04-08,2023-01-20,2023-03-31,2023-02-08,2023-02-12,2023-03-06,2023-01-22,2023-03-31,2023-02-06,2023-02-13,2023-03-08,1,Luminary
51457030,2023-05-13,2023-07-01,2023-05-24,2023-06-06,2023-05-28,2023-05-19,2023-06-22,2023-05-23,2023-06-07,2023-05-28,2023-05-21,2023-06-25,6,Horizon
83545493,2023-12-01,2024-02-02,2023-12-29,2023-12-28,2024-01-20,2023-12-14,2024-01-25,2024-01-01,2023-12-26,2024-01-22,2023-12-16,2024-01-28,2,Apex
65682557,2023-07-23,2023-10-15,2023-09-21,2023-08-12,2023-09-12,2023-08-02,2023-08-31,2023-09-23,2023-08-13,2023-09-09,2023-08-04,2023-09-02,3,Genesis
74654693,2023-09-04,2023-11-13,2023-10-26,2023-10-13,2023-10-01,2023-10-02,2023-10-16,2023-10-27,2023-10-12,2023-09-28,2023-10-01,2023-10-15,3,Genesis
60328416,2023-05-25,2023-07-20,2023-07-19,2023-06-07,2023-06-09,2023-06-05,2023-06-05,2023-07-17,2023-06-06,2023-06-12,2023-06-05,2023-06-03,1,Luminary
39579278,2023-05-29,2023-07-24,2023-07-06,2023-07-13,2023-06-11,2023-07-22,2023-06-27,2023-07-04,2023-07-11,2023-06-08,2023-07-21,2023-06-30,6,Horizon
22035146,2023-05-18,2023-08-17,2023-07-18,2023-07-02,2023-07-29,2023-06-27,2023-06-08,2023-07-15,2023-07-03,2023-08-01,2023-06-28,2023-06-11,6,Horizon
20761222,2023-07-05,2023-09-27,2023-08-21,2023-09-10,2023-08-22,2023-08-04,2023-08-21,2023-08-22,2023-09-07,2023-08-24,2023-08-03,2023-08-24,4,Odyssey
94308698,2023-09-11,2023-11-27,2023-09-16,2023-10-24,2023-10-10,2023-09-24,2023-11-22,2023-09-14,2023-10-25,2023-10-10,2023-09-22,2023-11-20,6,Horizon
22246946,2023-07-12,2023-09-06,2023-07-17,2023-08-01,2023-07-14,2023-08-15,2023-08-26,2023-07-20,2023-08-03,2023-07-17,2023-08-16,2023-08-29,5,Endeavor
77931743,2023-06-01,2023-07-27,2023-06-01,2023-07-22,2023-06-07,2023-06-08,2023-07-09,2023-06-03,2023-07-22,2023-06-04,2023-06-08,2023-07-08,3,Genesis
12352811,2023-01-03,2023-03-28,2023-02-07,2023-01-06,2023-01-14,2023-03-04,2023-01-03,2023-02-09,2023-01-04,2023-01-14,2023-03-05,2023-01-02,2,Apex
98598416,2023-04-15,2023-07-15,2023-07-08,2023-06-16,2023-06-21,2023-05-13,2023-06-24,2023-07-10,2023-06-19,2023-06-21,2023-05-11,2023-06-25,3,Genesis
88185039,2023-03-30,2023-05-25,2023-04-12,2023-05-24,2023-04-26,2023-04-17,2023-04-09,2023-04-11,2023-05-27,2023-04-29,2023-04-17,2023-04-12,5,Endeavor
78862894,2023-06-18,2023-08-13,2023-08-01,2023-07-20,2023-07-25,2023-07-04,2023-07-20,2023-07-31,2023-07-22,2023-07-26,2023-07-04,2023-07-20,2,Apex
54416826,2023-06-13,2023-09-12,2023-08-14,2023-09-08,2023-08-18,2023-07-25,2023-06-27,2023-08-13,2023-09-11,2023-08-18,2023-07-26,2023-06-28,1,Luminary
90077155,2023-06-23,2023-09-01,2023-08-30,2023-07-07,2023-08-12,2023-07-23,2023-07-05,2023-08-28,2023-07-10,2023-08-10,2023-07-26,2023-07-06,3,Genesis
22853438,2023-03-23,2023-05-18,2023-04-10,2023-05-05,2023-04-25,2023-04-29,2023-05-03,2023-04-13,2023-05-04,2023-04-22,2023-05-01,2023-05-03,4,Odyssey
85633384,2023-11-10,2024-02-09,2023-12-27,2023-12-17,2024-01-19,2023-12-01,2024-01-26,2023-12-26,2023-12-18,2024-01-16,2023-12-03,2024-01-29,6,Horizon
41531237,2023-03-18,2023-06-03,2023-04-29,2023-04-06,2023-05-13,2023-05-25,2023-03-22,2023-05-02,2023-04-03,2023-05-12,2023-05-22,2023-03-25,2,Apex
12710786,2023-05-31,2023-07-26,2023-06-03,2023-06-22,2023-06-08,2023-06-18,2023-07-05,2023-06-02,2023-06-22,2023-06-09,2023-06-16,2023-07-08,5,Endeavor
15536416,2023-01-23,2023-04-03,2023-03-25,2023-03-29,2023-02-08,2023-02-14,2023-03-23,2023-03-22,2023-03-27,2023-02-11,2023-02-14,2023-03-22,6,Horizon
22814473,2023-04-26,2023-06-14,2023-05-04,2023-05-23,2023-05-30,2023-06-04,2023-06-09,2023-05-04,2023-05-20,2023-05-30,2023-06-05,2023-06-08,6,Horizon
51887905,2023-01-21,2023-03-18,2023-03-12,2023-03-15,2023-03-03,2023-03-06,2023-03-09,2023-03-12,2023-03-12,2023-03-02,2023-03-04,2023-03-06,1,Luminary
22278024,2023-04-09,2023-06-11,2023-05-25,2023-04-29,2023-05-11,2023-05-04,2023-04-13,2023-05-22,2023-05-02,2023-05-13,2023-05-06,2023-04-12,3,Genesis
88932602,2023-01-18,2023-04-19,2023-01-23,2023-02-02,2023-02-20,2023-01-18,2023-02-15,2023-01-21,2023-01-31,2023-02-17,2023-01-17,2023-02-18,2,Apex
62532223,2023-09-12,2023-11-21,2023-09-12,2023-09-25,2023-09-18,2023-10-23,2023-11-17,2023-09-14,2023-09-28,2023-09-16,2023-10-26,2023-11-19,6,Horizon
27232623,2023-03-28,2023-06-06,2023-05-26,2023-05-05,2023-05-21,2023-04-18,2023-05-11,2023-05-26,2023-05-06,2023-05-18,2023-04-15,2023-05-08,2,Apex
87278276,2023-03-16,2023-05-18,2023-04-17,2023-05-14,2023-03-25,2023-05-13,2023-03-24,2023-04-15,2023-05-17,2023-03-23,2023-05-14,2023-03-26,4,Odyssey
92022671,2023-11-05,2024-01-21,2023-12-05,2023-12-06,2023-12-27,2023-12-19,2023-12-06,2023-12-06,2023-12-06,2023-12-24,2023-12-22,2023-12-05,1,Luminary
81298849,2023-04-10,2023-06-05,2023-04-12,2023-05-30,2023-04-14,2023-04-28,2023-05-15,2023-04-11,2023-05-27,2023-04-11,2023-04-26,2023-05-15,2,Apex
36553127,2023-02-01,2023-04-26,2023-02-21,2023-03-23,2023-03-06,2023-02-19,2023-04-23,2023-02-24,2023-03-24,2023-03-06,2023-02-16,2023-04-20,4,Odyssey
47275401,2023-03-20,2023-06-19,2023-04-13,2023-05-24,2023-05-29,2023-05-30,2023-04-18,2023-04-13,2023-05-25,2023-05-30,2023-05-27,2023-04-20,2,Apex
49659183,2023-05-02,2023-07-18,2023-06-21,2023-06-08,2023-05-26,2023-06-17,2023-06-04,2023-06-22,2023-06-06,2023-05-28,2023-06-15,2023-06-03,4,Odyssey
31306524,2023-12-05,2024-02-13,2024-02-12,2023-12-28,2023-12-09,2024-01-03,2024-01-27,2024-02-09,2023-12-29,2023-12-08,2024-01-01,2024-01-28,3,Genesis
34656296,2023-01-29,2023-04-09,2023-01-29,2023-03-14,2023-03-18,2023-03-12,2023-02-02,2023-01-27,2023-03-16,2023-03-20,2023-03-09,2023-02-03,4,Odyssey
89238652,2023-11-11,2024-01-13,2023-12-21,2023-12-28,2023-12-25,2023-12-23,2023-11-22,2023-12-18,2023-12-29,2023-12-26,2023-12-24,2023-11-25,3,Genesis
40335328,2023-02-03,2023-04-21,2023-02-10,2023-02-26,2023-02-12,2023-04-18,2023-02-17,2023-02-11,2023-02-23,2023-02-12,2023-04-21,2023-02-17,5,Endeavor
28375029,2023-06-10,2023-07-29,2023-06-30,2023-07-22,2023-06-17,2023-07-21,2023-07-18,2023-07-02,2023-07-22,2023-06-16,2023-07-20,2023-07-20,2,Apex
27461383,2023-01-16,2023-03-06,2023-02-02,2023-02-09,2023-03-04,2023-02-06,2023-01-28,2023-02-01,2023-02-12,2023-03-01,2023-02-05,2023-01-26,6,Horizon
40643507,2023-11-23,2024-02-15,2023-12-20,2023-12-27,2023-12-24,2024-01-04,2023-12-03,2023-12-22,2023-12-29,2023-12-21,2024-01-07,2023-12-04,5,Endeavor
44611964,2023-08-05,2023-10-28,2023-09-01,2023-10-03,2023-09-26,2023-10-20,2023-08-24,2023-09-04,2023-10-02,2023-09-24,2023-10-17,2023-08-23,2,Apex
76572916,2023-10-04,2023-12-20,2023-11-01,2023-12-18,2023-11-15,2023-11-22,2023-12-01,2023-10-31,2023-12-21,2023-11-17,2023-11-20,2023-12-04,1,Luminary
50733617,2023-06-29,2023-09-28,2023-08-20,2023-08-29,2023-07-24,2023-07-25,2023-07-21,2023-08-22,2023-08-29,2023-07-26,2023-07-25,2023-07-23,3,Genesis
29497629,2023-01-07,2023-03-04,2023-01-18,2023-01-16,2023-01-23,2023-02-16,2023-01-31,2023-01-21,2023-01-14,2023-01-20,2023-02-18,2023-02-03,2,Apex
92706377,2023-03-26,2023-06-04,2023-04-22,2023-05-29,2023-03-26,2023-05-16,2023-05-15,2023-04-19,2023-05-28,2023-03-24,2023-05-13,2023-05-18,3,Genesis
46414747,2023-06-16,2023-08-11,2023-06-20,2023-06-27,2023-07-23,2023-07-12,2023-06-27,2023-06-17,2023-06-26,2023-07-22,2023-07-13,2023-06-27,6,Horizon
37438991,2023-10-14,2024-01-13,2023-12-07,2023-11-17,2023-11-05,2023-12-18,2023-12-22,2023-12-08,2023-11-17,2023-11-04,2023-12-15,2023-12-25,6,Horizon
20527717,2023-10-01,2023-12-24,2023-11-23,2023-12-04,2023-10-28,2023-10-22,2023-12-11,2023-11-21,2023-12-03,2023-10-27,2023-10-25,2023-12-14,6,Horizon
28300786,2023-11-20,2024-01-08,2023-12-13,2023-11-26,2023-12-19,2023-12-21,2023-12-12,2023-12-16,2023-11-28,2023-12-18,2023-12-20,2023-12-09,1,Luminary
99099003,2023-05-25,2023-08-24,2023-07-25,2023-07-10,2023-06-21,2023-07-20,2023-06-10,2023-07-24,2023-07-10,2023-06-21,2023-07-22,2023-06-10,4,Odyssey
64620672,2023-02-23,2023-05-04,2023-02-24,2023-04-17,2023-04-13,2023-03-26,2023-03-30,2023-02-23,2023-04-15,2023-04-13,2023-03-28,2023-03-30,6,Horizon
34427235,2023-08-16,2023-10-18,2023-10-16,2023-08-18,2023-08-28,2023-09-23,2023-08-31,2023-10-19,2023-08-19,2023-08-27,2023-09-26,2023-08-28,5,Endeavor
36692539,2023-03-10,2023-06-02,2023-04-28,2023-03-17,2023-03-23,2023-05-23,2023-03-30,2023-04-28,2023-03-14,2023-03-23,2023-05-24,2023-04-02,1,Luminary
89025832,2023-10-31,2023-12-26,2023-12-18,2023-12-25,2023-11-20,2023-11-22,2023-11-12,2023-12-19,2023-12-24,2023-11-19,2023-11-19,2023-11-09,4,Odyssey
12307947,2023-11-13,2024-01-15,2023-12-05,2023-12-20,2023-12-17,2024-01-11,2024-01-09,2023-12-07,2023-12-19,2023-12-16,2024-01-11,2024-01-10,2,Apex
57170643,2023-02-21,2023-05-16,2023-04-23,2023-04-10,2023-03-03,2023-04-21,2023-05-12,2023-04-23,2023-04-08,2023-03-05,2023-04-21,2023-05-11,3,Genesis
82185264,2023-01-11,2023-03-22,2023-03-03,2023-03-09,2023-02-14,2023-02-27,2023-02-24,2023-02-28,2023-03-11,2023-02-17,2023-02-26,2023-02-25,1,Luminary
98381105,2023-04-30,2023-07-09,2023-05-01,2023-05-21,2023-06-22,2023-07-02,2023-05-15,2023-04-30,2023-05-23,2023-06-25,2023-06-29,2023-05-12,6,Horizon
74389939,2023-09-14,2023-12-07,2023-11-01,2023-12-01,2023-11-24,2023-10-30,2023-11-06,2023-11-03,2023-12-01,2023-11-23,2023-10-31,2023-11-09,5,Endeavor
26937792,2023-05-02,2023-07-25,2023-07-09,2023-07-23,2023-05-09,2023-05-27,2023-05-15,2023-07-11,2023-07-21,2023-05-06,2023-05-25,2023-05-18,1,Luminary
46353131,2023-08-23,2023-11-08,2023-10-01,2023-10-30,2023-09-10,2023-09-22,2023-11-07,2023-10-03,2023-11-02,2023-09-10,2023-09-19,2023-11-05,6,Horizon
20947230,2023-04-24,2023-06-12,2023-05-31,2023-04-29,2023-05-14,2023-04-27,2023-05-24,2023-05-29,2023-05-02,2023-05-16,2023-04-26,2023-05-23,6,Horizon
92939663,2023-10-10,2023-12-19,2023-11-03,2023-11-12,2023-11-21,2023-12-13,2023-12-13,2023-11-04,2023-11-09,2023-11-22,2023-12-11,2023-12-15,4,Odyssey
47482816,2023-09-13,2023-11-22,2023-10-04,2023-10-08,2023-10-16,2023-11-17,2023-09-28,2023-10-03,2023-10-07,2023-10-16,2023-11-20,2023-09-25,5,Endeavor
90413414,2023-04-29,2023-07-15,2023-04-30,2023-06-02,2023-06-23,2023-06-20,2023-05-04,2023-04-28,2023-06-03,2023-06-22,2023-06-20,2023-05-03,3,Genesis
39604927,2023-10-12,2024-01-04,2023-12-12,2023-10-26,2023-11-15,2023-10-14,2023-11-28,2023-12-11,2023-10-24,2023-11-12,2023-10-11,2023-11-30,6,Horizon
10546335,2023-09-01,2023-10-27,2023-09-06,2023-09-03,2023-09-24,2023-09-05,2023-09-02,2023-09-06,2023-09-04,2023-09-24,2023-09-06,2023-08-30,1,Luminary
29250849,2023-03-29,2023-05-31,2023-04-29,2023-04-04,2023-04-04,2023-05-01,2023-05-09,2023-05-02,2023-04-03,2023-04-06,2023-05-01,2023-05-07,1,Luminary
37800791,2023-02-22,2023-05-10,2023-03-15,2023-04-06,2023-04-05,2023-03-07,2023-03-28,2023-03-14,2023-04-08,2023-04-05,2023-03-05,2023-03-25,1,Luminary
87508377,2023-05-02,2023-06-27,2023-05-19,2023-06-02,2023-06-10,2023-06-08,2023-05-02,2023-05-22,2023-05-30,2023-06-10,2023-06-06,2023-05-04,5,Endeavor
10452933,2023-06-08,2023-08-17,2023-07-03,2023-07-29,2023-07-29,2023-08-13,2023-08-15,2023-06-30,2023-08-01,2023-07-31,2023-08-16,2023-08-14,1,Luminary
66129512,2023-06-29,2023-09-21,2023-09-10,2023-07-03,2023-08-22,2023-07-10,2023-08-07,2023-09-09,2023-07-05,2023-08-19,2023-07-11,2023-08-08,4,Odyssey
27066660,2023-06-01,2023-08-03,2023-06-17,2023-06-01,2023-07-19,2023-06-14,2023-07-31,2023-06-16,2023-06-04,2023-07-17,2023-06-16,2023-08-02,3,Genesis
29525198,2023-12-04,2024-02-26,2024-02-06,2024-01-22,2024-02-23,2024-02-13,2024-02-09,2024-02-08,2024-01-20,2024-02-26,2024-02-12,2024-02-10,6,Horizon
75091129,2023-02-27,2023-04-24,2023-03-06,2023-03-31,2023-03-22,2023-03-16,2023-03-22,2023-03-03,2023-03-29,2023-03-25,2023-03-14,2023-03-20,2,Apex
82283089,2023-01-09,2023-04-10,2023-03-28,2023-04-06,2023-01-25,2023-03-22,2023-03-26,2023-03-28,2023-04-03,2023-01-24,2023-03-23,2023-03-27,2,Apex
15511553,2023-11-22,2024-01-24,2024-01-15,2023-12-08,2023-11-29,2024-01-02,2024-01-19,2024-01-15,2023-12-11,2023-11-30,2023-12-31,2024-01-20,2,Apex
77554578,2023-02-10,2023-03-31,2023-03-26,2023-02-24,2023-02-13,2023-03-06,2023-03-15,2023-03-23,2023-02-23,2023-02-13,2023-03-08,2023-03-17,5,Endeavor
52781415,2023-11-09,2024-01-18,2023-12-15,2023-11-11,2024-01-08,2023-11-12,2023-12-27,2023-12-16,2023-11-11,2024-01-11,2023-11-12,2023-12-30,5,Endeavor
39526335,2023-02-04,2023-04-22,2023-03-10,2023-03-04,2023-04-10,2023-02-18,2023-03-20,2023-03-07,2023-03-02,2023-04-09,2023-02-20,2023-03-17,5,Endeavor
99900327,2023-04-02,2023-06-11,2023-05-21,2023-05-06,2023-04-17,2023-05-11,2023-05-04,2023-05-21,2023-05-08,2023-04-18,2023-05-10,2023-05-02,2,Apex
33408518,2023-04-15,2023-07-15,2023-07-01,2023-06-01,2023-05-23,2023-04-16,2023-05-15,2023-07-04,2023-06-02,2023-05-25,2023-04-17,2023-05-13,2,Apex
71287267,2023-07-25,2023-10-24,2023-10-20,2023-08-21,2023-09-16,2023-09-08,2023-07-28,2023-10-18,2023-08-21,2023-09-17,2023-09-11,2023-07-25,1,Luminary
52494090,2023-10-28,2024-01-27,2023-12-18,2023-12-22,2023-12-20,2023-11-22,2024-01-26,2023-12-15,2023-12-23,2023-12-18,2023-11-21,2024-01-24,2,Apex
99142490,2023-09-24,2023-11-19,2023-09-27,2023-11-07,2023-11-01,2023-10-05,2023-11-02,2023-09-26,2023-11-09,2023-10-30,2023-10-04,2023-11-03,5,Endeavor
69403309,2023-05-15,2023-07-17,2023-07-02,2023-05-19,2023-05-17,2023-06-10,2023-05-18,2023-07-05,2023-05-16,2023-05-16,2023-06-08,2023-05-20,4,Odyssey
41063707,2023-04-09,2023-06-25,2023-06-14,2023-06-14,2023-06-04,2023-06-16,2023-06-23,2023-06-13,2023-06-12,2023-06-06,2023-06-15,2023-06-24,1,Luminary
97128622,2023-04-23,2023-07-09,2023-06-28,2023-07-05,2023-05-13,2023-07-06,2023-06-13,2023-06-25,2023-07-06,2023-05-15,2023-07-04,2023-06-14,1,Luminary
95542106,2023-07-20,2023-10-05,2023-08-22,2023-08-26,2023-08-13,2023-08-09,2023-07-31,2023-08-20,2023-08-24,2023-08-15,2023-08-10,2023-08-02,3,Genesis
46955735,2023-08-08,2023-10-24,2023-09-08,2023-08-31,2023-10-03,2023-10-12,2023-10-16,2023-09-07,2023-09-03,2023-10-04,2023-10-09,2023-10-19,3,Genesis
35332987,2023-07-26,2023-10-25,2023-09-30,2023-10-19,2023-08-29,2023-08-10,2023-10-22,2023-09-27,2023-10-16,2023-08-26,2023-08-12,2023-10-25,4,Odyssey
23473196,2023-12-04,2024-02-19,2023-12-18,2024-01-05,2024-02-14,2023-12-04,2024-01-29,2023-12-17,2024-01-07,2024-02-12,2023-12-07,2024-01-30,6,Horizon
56949458,2023-11-14,2024-01-23,2023-11-18,2024-01-07,2023-11-29,2023-12-17,2023-12-19,2023-11-19,2024-01-09,2023-11-26,2023-12-17,2023-12-21,2,Apex
75785951,2023-04-24,2023-07-10,2023-06-23,2023-05-22,2023-05-25,2023-06-11,2023-07-09,2023-06-22,2023-05-24,2023-05-24,2023-06-11,2023-07-07,2,Apex
46528299,2023-06-06,2023-09-05,2023-08-03,2023-07-17,2023-06-22,2023-06-06,2023-08-21,2023-08-06,2023-07-19,2023-06-22,2023-06-05,2023-08-21,2,Apex
57328568,2023-02-24,2023-04-14,2023-02-28,2023-04-07,2023-03-08,2023-03-29,2023-02-24,2023-03-02,2023-04-04,2023-03-06,2023-03-29,2023-02-24,1,Luminary
82295886,2023-10-08,2023-12-17,2023-11-23,2023-12-11,2023-12-11,2023-11-02,2023-12-06,2023-11-23,2023-12-09,2023-12-10,2023-11-03,2023-12-04,1,Luminary
89004913,2023-03-14,2023-05-16,2023-03-20,2023-05-06,2023-04-24,2023-04-10,2023-03-30,2023-03-23,2023-05-08,2023-04-23,2023-04-12,2023-04-02,5,Endeavor
47946542,2023-07-25,2023-09-26,2023-08-10,2023-07-31,2023-09-25,2023-08-09,2023-09-19,2023-08-10,2023-07-29,2023-09-28,2023-08-08,2023-09-20,5,Endeavor
39242362,2023-02-12,2023-04-30,2023-04-01,2023-04-14,2023-04-05,2023-04-11,2023-03-21,2023-03-29,2023-04-13,2023-04-03,2023-04-11,2023-03-18,5,Endeavor
48351184,2023-10-21,2023-12-23,2023-12-02,2023-11-15,2023-11-20,2023-11-17,2023-10-22,2023-12-02,2023-11-13,2023-11-18,2023-11-14,2023-10-19,1,Luminary
84137939,2023-06-16,2023-08-18,2023-07-13,2023-07-11,2023-08-07,2023-08-06,2023-08-08,2023-07-13,2023-07-14,2023-08-08,2023-08-06,2023-08-06,6,Horizon
62675868,2023-05-04,2023-08-03,2023-06-06,2023-05-22,2023-07-11,2023-07-18,2023-06-14,2023-06-04,2023-05-25,2023-07-10,2023-07-19,2023-06-16,2,Apex
18788125,2023-11-04,2024-01-06,2023-11-17,2023-11-04,2023-12-23,2023-11-19,2023-12-28,2023-11-15,2023-11-07,2023-12-21,2023-11-19,2023-12-29,1,Luminary
33515048,2023-05-30,2023-08-08,2023-07-04,2023-07-14,2023-06-02,2023-07-23,2023-07-08,2023-07-04,2023-07-13,2023-06-02,2023-07-20,2023-07-05,2,Apex
60407772,2023-09-05,2023-11-14,2023-11-03,2023-09-27,2023-09-06,2023-10-10,2023-10-26,2023-11-04,2023-09-27,2023-09-04,2023-10-08,2023-10-27,3,Genesis
25273331,2023-03-03,2023-05-05,2023-03-21,2023-05-03,2023-04-06,2023-05-02,2023-04-20,2023-03-18,2023-04-30,2023-04-05,2023-05-02,2023-04-21,4,Odyssey
89188022,2023-01-08,2023-04-09,2023-03-19,2023-03-20,2023-02-01,2023-03-04,2023-04-04,2023-03-21,2023-03-22,2023-02-01,2023-03-03,2023-04-05,5,Endeavor
97469913,2023-04-05,2023-05-24,2023-05-01,2023-04-22,2023-05-15,2023-04-12,2023-05-18,2023-05-04,2023-04-19,2023-05-15,2023-04-10,2023-05-17,2,Apex
22778351,2023-04-02,2023-06-25,2023-06-13,2023-06-10,2023-05-15,2023-06-24,2023-05-21,2023-06-12,2023-06-13,2023-05-15,2023-06-23,2023-05-18,6,Horizon
79378213,2023-11-10,2024-01-19,2024-01-17,2023-11-19,2023-11-28,2023-11-25,2023-12-22,2024-01-14,2023-11-20,2023-11-29,2023-11-23,2023-12-21,1,Luminary
28586386,2023-01-26,2023-04-13,2023-03-08,2023-03-28,2023-03-05,2023-02-21,2023-02-19,2023-03-07,2023-03-25,2023-03-05,2023-02-22,2023-02-19,3,Genesis
71849604,2023-06-19,2023-09-18,2023-09-12,2023-08-31,2023-09-02,2023-07-23,2023-08-17,2023-09-13,2023-08-30,2023-09-05,2023-07-24,2023-08-19,3,Genesis
29351576,2023-05-08,2023-07-24,2023-05-16,2023-06-06,2023-05-10,2023-06-24,2023-05-09,2023-05-13,2023-06-04,2023-05-07,2023-06-24,2023-05-08,5,Endeavor
66714373,2023-10-24,2024-01-23,2023-11-17,2023-11-12,2024-01-06,2023-12-01,2023-11-30,2023-11-16,2023-11-13,2024-01-05,2023-12-04,2023-11-28,2,Apex
45111049,2023-06-19,2023-08-14,2023-07-26,2023-06-22,2023-08-03,2023-07-23,2023-08-13,2023-07-27,2023-06-23,2023-08-03,2023-07-24,2023-08-10,3,Genesis
81961816,2023-02-19,2023-04-09,2023-03-18,2023-03-22,2023-02-21,2023-03-29,2023-04-05,2023-03-15,2023-03-20,2023-02-23,2023-03-28,2023-04-08,5,Endeavor
36183434,2023-07-22,2023-09-30,2023-08-04,2023-07-26,2023-07-29,2023-09-14,2023-08-24,2023-08-05,2023-07-26,2023-07-27,2023-09-15,2023-08-25,1,Luminary
33842719,2023-05-21,2023-07-16,2023-05-21,2023-05-27,2023-06-08,2023-05-31,2023-07-12,2023-05-20,2023-05-28,2023-06-07,2023-05-29,2023-07-12,1,Luminary
19184967,2023-07-02,2023-09-17,2023-07-06,2023-08-01,2023-07-04,2023-08-01,2023-08-09,2023-07-08,2023-08-04,2023-07-03,2023-08-02,2023-08-08,5,Endeavor
45575825,2023-02-18,2023-05-06,2023-05-03,2023-04-20,2023-03-16,2023-03-29,2023-04-24,2023-05-06,2023-04-21,2023-03-17,2023-03-29,2023-04-26,6,Horizon
69122080,2023-02-25,2023-05-13,2023-04-23,2023-03-11,2023-04-05,2023-03-26,2023-04-15,2023-04-22,2023-03-11,2023-04-08,2023-03-23,2023-04-14,1,Luminary
53896113,2023-01-24,2023-03-28,2023-02-08,2023-02-05,2023-02-06,2023-03-11,2023-03-27,2023-02-10,2023-02-02,2023-02-06,2023-03-12,2023-03-26,5,Endeavor
60488350,2023-10-06,2024-01-05,2023-12-19,2023-12-15,2023-10-10,2023-12-15,2023-12-24,2023-12-21,2023-12-18,2023-10-12,2023-12-17,2023-12-21,3,Genesis
78702492,2023-07-21,2023-10-06,2023-07-25,2023-09-12,2023-09-26,2023-10-01,2023-09-26,2023-07-25,2023-09-11,2023-09-28,2023-10-04,2023-09-29,4,Odyssey
16880389,2023-09-03,2023-11-19,2023-10-10,2023-09-20,2023-10-06,2023-10-29,2023-09-11,2023-10-11,2023-09-18,2023-10-08,2023-10-26,2023-09-12,4,Odyssey
56214295,2023-02-01,2023-04-12,2023-03-27,2023-02-17,2023-02-26,2023-02-20,2023-02-26,2023-03-25,2023-02-18,2023-02-28,2023-02-22,2023-02-27,4,Odyssey
62347548,2023-05-08,2023-08-07,2023-07-15,2023-07-15,2023-06-01,2023-07-22,2023-06-02,2023-07-18,2023-07-15,2023-05-30,2023-07-25,2023-06-04,2,Apex
61533817,2023-07-20,2023-09-14,2023-09-02,2023-08-04,2023-09-01,2023-09-11,2023-08-03,2023-08-30,2023-08-05,2023-09-03,2023-09-08,2023-08-01,5,Endeavor
83763072,2023-01-15,2023-03-05,2023-02-01,2023-01-18,2023-02-14,2023-01-21,2023-02-02,2023-02-01,2023-01-17,2023-02-14,2023-01-19,2023-02-02,1,Luminary
26893511,2023-09-09,2023-12-02,2023-11-24,2023-10-23,2023-11-07,2023-10-02,2023-11-26,2023-11-22,2023-10-23,2023-11-08,2023-10-05,2023-11-27,1,Luminary
82623273,2023-06-28,2023-09-06,2023-08-17,2023-07-13,2023-09-04,2023-07-30,2023-08-30,2023-08-20,2023-07-16,2023-09-06,2023-08-01,2023-08-27,6,Horizon
86401020,2023-02-22,2023-05-17,2023-04-09,2023-05-07,2023-04-16,2023-02-27,2023-04-15,2023-04-07,2023-05-08,2023-04-14,2023-02-28,2023-04-14,3,Genesis
30393750,2023-02-02,2023-04-27,2023-04-22,2023-03-24,2023-03-07,2023-02-02,2023-04-21,2023-04-22,2023-03-25,2023-03-07,2023-02-01,2023-04-19,1,Luminary
98055320,2023-10-28,2024-01-06,2023-11-04,2023-11-07,2023-12-08,2023-12-25,2023-12-01,2023-11-05,2023-11-06,2023-12-09,2023-12-24,2023-12-03,6,Horizon
14668730,2023-08-10,2023-11-09,2023-09-22,2023-09-11,2023-10-29,2023-09-15,2023-09-28,2023-09-25,2023-09-13,2023-10-31,2023-09-17,2023-10-01,5,Endeavor
50989027,2023-05-21,2023-08-13,2023-08-10,2023-08-12,2023-07-21,2023-06-01,2023-06-03,2023-08-09,2023-08-13,2023-07-21,2023-05-30,2023-06-01,2,Apex
92772097,2023-05-04,2023-07-06,2023-05-06,2023-05-21,2023-05-16,2023-05-05,2023-06-05,2023-05-07,2023-05-20,2023-05-14,2023-05-04,2023-06-08,1,Luminary
69548767,2023-08-24,2023-10-26,2023-09-11,2023-08-28,2023-10-03,2023-10-25,2023-08-30,2023-09-13,2023-08-26,2023-10-05,2023-10-27,2023-08-30,3,Genesis
79289626,2023-09-29,2023-12-01,2023-10-29,2023-11-05,2023-10-04,2023-11-26,2023-10-15,2023-10-29,2023-11-04,2023-10-05,2023-11-29,2023-10-17,2,Apex
87236299,2023-05-19,2023-07-21,2023-05-26,2023-06-27,2023-05-24,2023-06-30,2023-06-22,2023-05-25,2023-06-24,2023-05-25,2023-07-02,2023-06-23,4,Odyssey
65815947,2023-08-23,2023-11-01,2023-10-22,2023-09-16,2023-10-27,2023-09-22,2023-10-16,2023-10-22,2023-09-19,2023-10-26,2023-09-25,2023-10-19,5,Endeavor
38203783,2023-11-26,2024-01-21,2024-01-09,2024-01-05,2023-12-13,2023-11-28,2024-01-09,2024-01-08,2024-01-02,2023-12-12,2023-11-30,2024-01-06,3,Genesis
72909438,2023-11-08,2024-01-10,2023-12-03,2023-11-26,2023-12-15,2023-11-14,2023-12-12,2023-12-03,2023-11-28,2023-12-14,2023-11-16,2023-12-12,1,Luminary
37306150,2023-02-07,2023-04-04,2023-02-18,2023-02-09,2023-03-13,2023-02-09,2023-02-24,2023-02-16,2023-02-12,2023-03-14,2023-02-08,2023-02-25,5,Endeavor
62536336,2023-06-06,2023-08-29,2023-08-04,2023-08-12,2023-08-08,2023-06-07,2023-07-07,2023-08-03,2023-08-10,2023-08-05,2023-06-08,2023-07-09,2,Apex
21774297,2023-06-27,2023-09-12,2023-09-11,2023-08-19,2023-09-07,2023-09-02,2023-08-14,2023-09-09,2023-08-17,2023-09-04,2023-09-04,2023-08-15,2,Apex
23095587,2023-07-05,2023-08-30,2023-07-12,2023-07-10,2023-08-26,2023-08-13,2023-07-30,2023-07-14,2023-07-08,2023-08-23,2023-08-10,2023-07-30,2,Apex
81847437,2023-01-11,2023-03-15,2023-03-14,2023-03-02,2023-01-20,2023-01-18,2023-02-12,2023-03-16,2023-03-02,2023-01-17,2023-01-20,2023-02-15,2,Apex
63970875,2023-05-20,2023-07-15,2023-05-29,2023-07-04,2023-05-23,2023-06-03,2023-07-09,2023-05-26,2023-07-05,2023-05-21,2023-06-03,2023-07-11,6,Horizon
26321443,2023-08-31,2023-11-09,2023-09-27,2023-09-03,2023-08-31,2023-10-06,2023-10-02,2023-09-27,2023-09-05,2023-08-29,2023-10-09,2023-10-01,1,Luminary
78010613,2023-03-02,2023-05-04,2023-04-24,2023-03-16,2023-03-17,2023-03-18,2023-03-17,2023-04-23,2023-03-18,2023-03-14,2023-03-21,2023-03-14,4,Odyssey
72621268,2023-09-06,2023-11-29,2023-11-11,2023-09-29,2023-11-05,2023-10-07,2023-09-08,2023-11-12,2023-09-27,2023-11-06,2023-10-09,2023-09-10,2,Apex
97704191,2023-07-07,2023-10-06,2023-10-01,2023-09-05,2023-09-10,2023-08-14,2023-07-11,2023-09-28,2023-09-03,2023-09-10,2023-08-17,2023-07-09,2,Apex
32539054,2023-03-29,2023-05-17,2023-04-21,2023-04-25,2023-04-29,2023-04-14,2023-04-21,2023-04-24,2023-04-25,2023-05-02,2023-04-14,2023-04-19,3,Genesis
14332765,2023-05-17,2023-08-09,2023-06-07,2023-06-01,2023-06-26,2023-06-30,2023-06-21,2023-06-10,2023-05-31,2023-06-23,2023-06-27,2023-06-20,4,Odyssey
37046442,2023-12-07,2024-02-22,2024-01-30,2023-12-20,2024-01-13,2024-01-30,2024-02-19,2024-01-31,2023-12-17,2024-01-12,2024-01-29,2024-02-19,1,Luminary
41274027,2023-01-06,2023-03-31,2023-01-21,2023-03-03,2023-01-06,2023-03-13,2023-02-12,2023-01-22,2023-03-04,2023-01-06,2023-03-11,2023-02-15,2,Apex
42307700,2023-10-07,2023-12-23,2023-10-23,2023-10-21,2023-10-08,2023-10-09,2023-11-07,2023-10-23,2023-10-20,2023-10-06,2023-10-12,2023-11-04,1,Luminary
22769116,2023-07-18,2023-09-19,2023-07-18,2023-07-21,2023-07-22,2023-07-28,2023-09-11,2023-07-16,2023-07-23,2023-07-22,2023-07-30,2023-09-10,2,Apex
90330668,2023-08-26,2023-11-18,2023-09-09,2023-11-09,2023-09-09,2023-10-30,2023-11-10,2023-09-07,2023-11-06,2023-09-11,2023-10-29,2023-11-13,6,Horizon
60731878,2023-05-28,2023-07-30,2023-05-30,2023-07-07,2023-07-09,2023-07-22,2023-06-29,2023-05-31,2023-07-09,2023-07-12,2023-07-20,2023-06-27,4,Odyssey
64558511,2023-10-04,2023-12-20,2023-10-28,2023-10-17,2023-11-08,2023-11-22,2023-10-25,2023-10-31,2023-10-19,2023-11-08,2023-11-25,2023-10-25,4,Odyssey
19349974,2023-07-27,2023-10-12,2023-09-03,2023-08-03,2023-08-08,2023-09-04,2023-09-19,2023-09-02,2023-07-31,2023-08-08,2023-09-06,2023-09-16,5,Endeavor
83546908,2023-09-13,2023-11-08,2023-10-17,2023-09-22,2023-10-24,2023-10-25,2023-10-06,2023-10-15,2023-09-22,2023-10-23,2023-10-23,2023-10-03,5,Endeavor
38537318,2023-07-02,2023-09-03,2023-08-08,2023-07-23,2023-08-09,2023-07-25,2023-09-02,2023-08-08,2023-07-21,2023-08-09,2023-07-28,2023-09-01,6,Horizon
80549706,2023-07-06,2023-09-07,2023-08-13,2023-08-31,2023-07-12,2023-07-30,2023-08-01,2023-08-12,2023-09-01,2023-07-14,2023-07-31,2023-07-29,5,Endeavor
36670646,2023-12-10,2024-02-11,2024-01-30,2024-01-15,2024-01-31,2023-12-12,2024-02-06,2024-02-01,2024-01-14,2024-02-02,2023-12-10,2024-02-03,3,Genesis
39325753,2023-08-26,2023-11-18,2023-11-09,2023-10-11,2023-09-18,2023-09-21,2023-08-29,2023-11-06,2023-10-11,2023-09-17,2023-09-19,2023-08-29,4,Odyssey
76006437,2023-08-26,2023-11-18,2023-09-26,2023-11-11,2023-10-02,2023-10-25,2023-09-05,2023-09-27,2023-11-13,2023-10-05,2023-10-24,2023-09-07,3,Genesis
22194654,2023-07-27,2023-09-14,2023-07-31,2023-08-10,2023-09-03,2023-07-29,2023-09-05,2023-08-02,2023-08-09,2023-09-02,2023-07-30,2023-09-03,6,Horizon
35697992,2023-10-11,2023-12-06,2023-11-18,2023-11-22,2023-10-21,2023-11-24,2023-11-24,2023-11-16,2023-11-22,2023-10-19,2023-11-24,2023-11-26,4,Odyssey
23373318,2023-03-04,2023-05-20,2023-03-20,2023-04-06,2023-04-19,2023-04-12,2023-03-19,2023-03-19,2023-04-06,2023-04-21,2023-04-13,2023-03-19,3,Genesis
78881024,2023-08-18,2023-11-17,2023-11-15,2023-11-09,2023-09-14,2023-10-30,2023-10-05,2023-11-16,2023-11-12,2023-09-16,2023-11-02,2023-10-03,2,Apex
27478506,2023-02-13,2023-05-15,2023-05-14,2023-03-20,2023-03-18,2023-02-26,2023-04-15,2023-05-12,2023-03-22,2023-03-21,2023-02-27,2023-04-18,2,Apex
91039938,2023-05-19,2023-08-18,2023-08-01,2023-07-03,2023-07-19,2023-07-08,2023-07-31,2023-07-29,2023-07-04,2023-07-19,2023-07-09,2023-08-02,2,Apex
36213844,2023-01-21,2023-03-25,2023-02-08,2023-02-15,2023-02-07,2023-03-18,2023-02-21,2023-02-05,2023-02-16,2023-02-04,2023-03-15,2023-02-24,6,Horizon
83851548,2023-04-25,2023-07-11,2023-05-31,2023-06-25,2023-04-29,2023-05-23,2023-06-17,2023-06-01,2023-06-23,2023-04-30,2023-05-24,2023-06-15,5,Endeavor
87420324,2023-06-17,2023-08-12,2023-06-20,2023-07-26,2023-07-13,2023-07-23,2023-07-07,2023-06-19,2023-07-29,2023-07-14,2023-07-23,2023-07-04,1,Luminary
79765663,2023-05-15,2023-08-07,2023-05-28,2023-05-27,2023-05-25,2023-07-13,2023-06-18,2023-05-26,2023-05-29,2023-05-26,2023-07-13,2023-06-15,6,Horizon
95769616,2023-03-06,2023-05-22,2023-03-09,2023-04-16,2023-04-30,2023-04-13,2023-04-20,2023-03-09,2023-04-19,2023-04-27,2023-04-13,2023-04-18,4,Odyssey
93351557,2023-01-30,2023-04-17,2023-04-02,2023-04-09,2023-04-08,2023-04-06,2023-02-06,2023-04-02,2023-04-09,2023-04-09,2023-04-03,2023-02-07,5,Endeavor
67933270,2023-10-30,2024-01-08,2023-12-10,2023-12-21,2023-12-22,2023-11-12,2023-11-15,2023-12-12,2023-12-24,2023-12-21,2023-11-14,2023-11-12,6,Horizon
90632254,2023-03-01,2023-05-10,2023-03-21,2023-03-16,2023-03-23,2023-03-03,2023-04-21,2023-03-20,2023-03-19,2023-03-20,2023-03-05,2023-04-19,6,Horizon
63002256,2023-02-22,2023-05-10,2023-04-10,2023-03-28,2023-04-23,2023-05-04,2023-03-21,2023-04-07,2023-03-25,2023-04-23,2023-05-03,2023-03-23,1,Luminary
96037225,2023-10-06,2023-11-24,2023-11-07,2023-10-17,2023-11-14,2023-10-31,2023-10-21,2023-11-08,2023-10-14,2023-11-11,2023-10-31,2023-10-18,4,Odyssey
45177721,2023-05-14,2023-07-16,2023-07-13,2023-07-01,2023-06-15,2023-07-04,2023-05-28,2023-07-13,2023-06-29,2023-06-18,2023-07-02,2023-05-31,2,Apex
73261985,2023-05-27,2023-08-19,2023-08-06,2023-08-07,2023-07-19,2023-06-25,2023-06-18,2023-08-08,2023-08-09,2023-07-19,2023-06-24,2023-06-18,5,Endeavor
95906020,2023-12-08,2024-02-16,2024-01-13,2024-01-10,2024-01-14,2024-01-22,2024-01-26,2024-01-16,2024-01-10,2024-01-14,2024-01-19,2024-01-28,6,Horizon
94597669,2023-04-29,2023-07-22,2023-06-07,2023-06-07,2023-07-16,2023-05-08,2023-07-04,2023-06-10,2023-06-08,2023-07-14,2023-05-10,2023-07-07,1,Luminary
90914851,2023-03-01,2023-05-03,2023-03-15,2023-03-01,2023-04-26,2023-04-27,2023-05-01,2023-03-12,2023-02-27,2023-04-27,2023-04-27,2023-05-02,6,Horizon
13875752,2023-10-01,2023-11-26,2023-11-20,2023-10-11,2023-10-20,2023-11-19,2023-10-11,2023-11-22,2023-10-09,2023-10-23,2023-11-16,2023-10-14,2,Apex
57082526,2023-04-14,2023-06-02,2023-04-30,2023-05-20,2023-04-22,2023-04-17,2023-04-15,2023-04-29,2023-05-20,2023-04-24,2023-04-19,2023-04-16,6,Horizon
56355352,2023-02-14,2023-04-25,2023-03-21,2023-04-01,2023-03-16,2023-02-24,2023-04-20,2023-03-22,2023-04-01,2023-03-19,2023-02-22,2023-04-18,5,Endeavor
37636455,2023-06-25,2023-09-03,2023-07-30,2023-08-20,2023-08-31,2023-07-19,2023-08-28,2023-07-29,2023-08-18,2023-08-30,2023-07-17,2023-08-30,3,Genesis
96502544,2023-07-08,2023-10-07,2023-09-24,2023-09-21,2023-07-30,2023-10-05,2023-07-23,2023-09-21,2023-09-18,2023-08-02,2023-10-07,2023-07-23,6,Horizon
14652619,2023-08-07,2023-10-23,2023-09-29,2023-08-14,2023-10-21,2023-09-25,2023-08-23,2023-10-02,2023-08-11,2023-10-19,2023-09-23,2023-08-20,6,Horizon
36521043,2023-01-11,2023-03-01,2023-01-27,2023-02-19,2023-01-31,2023-02-22,2023-02-19,2023-01-28,2023-02-16,2023-01-31,2023-02-23,2023-02-21,2,Apex
69128342,2023-04-13,2023-07-06,2023-04-15,2023-06-09,2023-04-26,2023-05-20,2023-04-29,2023-04-18,2023-06-06,2023-04-24,2023-05-22,2023-04-26,4,Odyssey
38889372,2023-12-10,2024-02-18,2024-01-21,2024-02-02,2023-12-15,2024-01-15,2023-12-18,2024-01-21,2024-01-31,2023-12-16,2024-01-13,2023-12-21,5,Endeavor
79517704,2023-09-08,2023-12-08,2023-11-04,2023-10-17,2023-10-10,2023-09-30,2023-10-27,2023-11-07,2023-10-14,2023-10-08,2023-10-01,2023-10-26,5,Endeavor
38459544,2023-12-06,2024-01-31,2024-01-19,2023-12-09,2024-01-21,2023-12-15,2024-01-01,2024-01-22,2023-12-11,2024-01-22,2023-12-14,2024-01-02,6,Horizon
10941774,2023-11-20,2024-02-05,2024-01-08,2024-01-06,2024-01-12,2024-01-21,2023-12-28,2024-01-11,2024-01-08,2024-01-15,2024-01-20,2023-12-26,1,Luminary
29239924,2023-07-03,2023-09-04,2023-07-28,2023-07-20,2023-07-25,2023-08-24,2023-08-07,2023-07-26,2023-07-22,2023-07-26,2023-08-22,2023-08-07,5,Endeavor
41756066,2023-03-03,2023-05-05,2023-04-01,2023-05-01,2023-03-16,2023-04-16,2023-03-09,2023-03-31,2023-04-28,2023-03-17,2023-04-17,2023-03-11,6,Horizon
70900122,2023-01-27,2023-03-24,2023-03-14,2023-03-06,2023-03-22,2023-03-07,2023-03-21,2023-03-16,2023-03-08,2023-03-22,2023-03-08,2023-03-21,4,Odyssey
73329288,2023-02-05,2023-03-26,2023-03-02,2023-03-23,2023-02-27,2023-02-15,2023-03-05,2023-03-01,2023-03-25,2023-03-01,2023-02-15,2023-03-08,4,Odyssey
22268660,2023-02-24,2023-05-12,2023-03-30,2023-03-05,2023-03-09,2023-04-28,2023-03-01,2023-03-29,2023-03-07,2023-03-09,2023-04-28,2023-02-27,2,Apex
91103930,2023-11-16,2024-01-18,2023-11-29,2024-01-11,2024-01-09,2023-12-05,2023-11-16,2023-11-29,2024-01-09,2024-01-12,2023-12-06,2023-11-16,6,Horizon
47052816,2023-01-13,2023-03-10,2023-02-21,2023-03-08,2023-03-01,2023-01-23,2023-02-27,2023-02-24,2023-03-06,2023-02-28,2023-01-26,2023-03-01,6,Horizon
97101481,2023-08-06,2023-10-01,2023-09-08,2023-09-08,2023-08-15,2023-08-06,2023-08-29,2023-09-11,2023-09-08,2023-08-12,2023-08-07,2023-08-29,3,Genesis
48925671,2023-03-30,2023-06-08,2023-05-17,2023-04-29,2023-04-25,2023-04-20,2023-03-30,2023-05-18,2023-04-30,2023-04-23,2023-04-20,2023-03-28,2,Apex
62637892,2023-07-12,2023-09-13,2023-08-15,2023-08-30,2023-08-14,2023-07-20,2023-07-19,2023-08-13,2023-08-29,2023-08-16,2023-07-17,2023-07-19,3,Genesis
54163597,2023-04-29,2023-07-29,2023-06-23,2023-06-09,2023-05-20,2023-07-09,2023-06-03,2023-06-22,2023-06-06,2023-05-21,2023-07-11,2023-06-06,1,Luminary
99158321,2023-05-29,2023-07-24,2023-06-12,2023-06-20,2023-06-25,2023-06-17,2023-07-14,2023-06-09,2023-06-19,2023-06-25,2023-06-19,2023-07-15,2,Apex
49924374,2023-09-14,2023-11-30,2023-11-28,2023-10-18,2023-10-11,2023-10-21,2023-11-12,2023-11-25,2023-10-21,2023-10-08,2023-10-19,2023-11-15,2,Apex
21902603,2023-02-20,2023-05-22,2023-05-11,2023-05-06,2023-03-03,2023-03-30,2023-03-26,2023-05-12,2023-05-08,2023-03-05,2023-03-31,2023-03-24,4,Odyssey
92447624,2023-07-14,2023-09-22,2023-08-28,2023-08-05,2023-09-15,2023-09-20,2023-08-19,2023-08-26,2023-08-08,2023-09-14,2023-09-19,2023-08-16,1,Luminary
26708278,2023-09-03,2023-10-29,2023-10-07,2023-10-14,2023-09-29,2023-10-07,2023-10-11,2023-10-05,2023-10-16,2023-09-26,2023-10-09,2023-10-14,6,Horizon
76617966,2023-10-25,2024-01-03,2024-01-02,2023-11-21,2023-11-04,2023-12-10,2023-11-22,2023-12-31,2023-11-23,2023-11-05,2023-12-12,2023-11-20,2,Apex
59736917,2023-02-16,2023-04-27,2023-03-31,2023-03-02,2023-03-21,2023-03-11,2023-03-06,2023-03-29,2023-03-03,2023-03-20,2023-03-14,2023-03-05,1,Luminary
92222396,2023-05-12,2023-07-21,2023-06-29,2023-06-03,2023-05-22,2023-07-17,2023-06-18,2023-06-29,2023-06-04,2023-05-24,2023-07-16,2023-06-17,5,Endeavor
93397714,2023-05-31,2023-08-02,2023-07-15,2023-07-19,2023-07-14,2023-07-24,2023-07-30,2023-07-14,2023-07-20,2023-07-14,2023-07-24,2023-07-27,6,Horizon
97787993,2023-03-27,2023-06-26,2023-05-31,2023-05-04,2023-05-14,2023-04-26,2023-05-13,2023-06-02,2023-05-04,2023-05-17,2023-04-29,2023-05-12,6,Horizon
21859142,2023-04-01,2023-05-27,2023-05-01,2023-05-21,2023-04-01,2023-04-09,2023-05-16,2023-04-30,2023-05-20,2023-04-01,2023-04-06,2023-05-17,2,Apex
40883162,2023-05-04,2023-08-03,2023-06-11,2023-07-29,2023-05-26,2023-07-22,2023-06-14,2023-06-09,2023-07-31,2023-05-24,2023-07-19,2023-06-13,1,Luminary
28266493,2023-01-19,2023-04-06,2023-03-15,2023-04-03,2023-01-22,2023-02-27,2023-01-28,2023-03-16,2023-04-04,2023-01-24,2023-02-27,2023-01-27,4,Odyssey
64943060,2023-04-13,2023-06-08,2023-05-02,2023-05-14,2023-04-30,2023-04-23,2023-04-30,2023-04-30,2023-05-13,2023-04-28,2023-04-23,2023-05-01,6,Horizon
42221764,2023-11-06,2024-02-05,2024-01-12,2023-12-11,2023-11-08,2023-11-28,2023-11-10,2024-01-10,2023-12-11,2023-11-09,2023-11-30,2023-11-12,5,Endeavor
12392865,2023-01-04,2023-03-08,2023-02-10,2023-02-24,2023-01-04,2023-01-16,2023-01-15,2023-02-09,2023-02-27,2023-01-07,2023-01-16,2023-01-17,6,Horizon
75084895,2023-11-16,2024-02-08,2024-01-13,2024-01-13,2023-12-05,2023-11-23,2024-01-26,2024-01-15,2024-01-13,2023-12-05,2023-11-21,2024-01-28,6,Horizon
47971878,2023-07-01,2023-09-30,2023-07-20,2023-09-21,2023-07-01,2023-08-20,2023-09-26,2023-07-19,2023-09-19,2023-06-29,2023-08-22,2023-09-27,6,Horizon
29324260,2023-08-30,2023-11-08,2023-10-09,2023-09-05,2023-10-21,2023-09-16,2023-09-21,2023-10-07,2023-09-06,2023-10-23,2023-09-13,2023-09-22,3,Genesis
79417398,2023-03-30,2023-05-18,2023-05-09,2023-05-06,2023-05-15,2023-03-30,2023-05-11,2023-05-12,2023-05-09,2023-05-12,2023-04-02,2023-05-13,6,Horizon
95007338,2023-03-23,2023-05-11,2023-04-29,2023-03-26,2023-04-18,2023-03-25,2023-04-25,2023-05-02,2023-03-23,2023-04-18,2023-03-23,2023-04-28,3,Genesis
59681759,2023-10-01,2023-12-24,2023-11-05,2023-12-20,2023-11-02,2023-12-05,2023-11-14,2023-11-03,2023-12-17,2023-11-04,2023-12-03,2023-11-11,1,Luminary
29540593,2023-09-06,2023-11-01,2023-09-19,2023-10-26,2023-09-14,2023-09-30,2023-09-16,2023-09-20,2023-10-26,2023-09-13,2023-09-27,2023-09-17,2,Apex
25536397,2023-10-05,2023-12-28,2023-10-15,2023-10-31,2023-10-07,2023-12-11,2023-10-18,2023-10-17,2023-11-01,2023-10-07,2023-12-13,2023-10-18,1,Luminary
78165984,2023-08-30,2023-10-18,2023-09-12,2023-10-05,2023-09-19,2023-09-30,2023-09-18,2023-09-09,2023-10-06,2023-09-20,2023-09-30,2023-09-15,1,Luminary
53146706,2023-06-13,2023-08-01,2023-07-31,2023-06-24,2023-06-23,2023-07-29,2023-06-25,2023-08-01,2023-06-26,2023-06-22,2023-07-30,2023-06-24,6,Horizon
52975730,2023-07-17,2023-09-04,2023-08-29,2023-08-31,2023-08-03,2023-08-30,2023-08-18,2023-08-30,2023-09-03,2023-08-05,2023-09-01,2023-08-18,5,Endeavor
20144782,2023-02-20,2023-05-22,2023-04-01,2023-03-16,2023-03-28,2023-02-27,2023-04-15,2023-03-30,2023-03-13,2023-03-25,2023-02-28,2023-04-13,6,Horizon
58250498,2023-07-16,2023-09-10,2023-08-17,2023-08-07,2023-08-29,2023-08-09,2023-08-19,2023-08-15,2023-08-08,2023-08-30,2023-08-08,2023-08-22,4,Odyssey
35718751,2023-07-06,2023-09-07,2023-08-14,2023-07-08,2023-08-18,2023-07-06,2023-08-28,2023-08-13,2023-07-11,2023-08-18,2023-07-03,2023-08-27,2,Apex
36874331,2023-06-07,2023-08-16,2023-07-20,2023-06-28,2023-07-18,2023-06-30,2023-07-01,2023-07-20,2023-06-29,2023-07-16,2023-07-02,2023-06-29,6,Horizon
49620191,2023-07-05,2023-09-06,2023-08-20,2023-07-18,2023-07-27,2023-08-16,2023-08-01,2023-08-22,2023-07-21,2023-07-30,2023-08-13,2023-08-03,5,Endeavor
79986442,2023-05-20,2023-08-19,2023-07-22,2023-07-06,2023-07-17,2023-08-18,2023-08-18,2023-07-24,2023-07-09,2023-07-14,2023-08-15,2023-08-18,6,Horizon
66887530,2023-02-27,2023-05-08,2023-04-18,2023-05-04,2023-03-07,2023-03-17,2023-03-28,2023-04-18,2023-05-05,2023-03-07,2023-03-14,2023-03-30,5,Endeavor
97379157,2023-07-21,2023-09-08,2023-08-01,2023-07-26,2023-08-05,2023-08-23,2023-07-24,2023-08-03,2023-07-24,2023-08-02,2023-08-23,2023-07-27,2,Apex
60847759,2023-05-10,2023-07-19,2023-07-09,2023-05-25,2023-06-24,2023-06-16,2023-07-14,2023-07-11,2023-05-28,2023-06-23,2023-06-17,2023-07-17,4,Odyssey
62983963,2023-03-14,2023-05-02,2023-04-22,2023-05-01,2023-04-01,2023-03-30,2023-04-20,2023-04-23,2023-04-28,2023-03-30,2023-03-28,2023-04-23,2,Apex
14761885,2023-01-19,2023-04-13,2023-04-05,2023-04-06,2023-04-03,2023-02-20,2023-04-02,2023-04-06,2023-04-06,2023-04-02,2023-02-17,2023-03-30,2,Apex
29156038,2023-09-22,2023-12-15,2023-12-11,2023-11-11,2023-10-10,2023-12-01,2023-10-23,2023-12-10,2023-11-12,2023-10-11,2023-12-03,2023-10-20,5,Endeavor
69173432,2023-03-13,2023-05-08,2023-05-02,2023-05-04,2023-04-24,2023-03-27,2023-04-29,2023-05-05,2023-05-03,2023-04-21,2023-03-25,2023-04-30,1,Luminary
20348557,2023-09-15,2023-11-10,2023-11-09,2023-10-05,2023-10-27,2023-09-18,2023-10-08,2023-11-12,2023-10-08,2023-10-29,2023-09-21,2023-10-08,5,Endeavor
48627074,2023-07-09,2023-08-27,2023-08-08,2023-07-28,2023-07-09,2023-07-13,2023-07-15,2023-08-07,2023-07-26,2023-07-10,2023-07-11,2023-07-16,6,Horizon
94483299,2023-02-22,2023-05-24,2023-03-17,2023-04-06,2023-05-17,2023-04-28,2023-04-22,2023-03-20,2023-04-06,2023-05-19,2023-04-29,2023-04-21,6,Horizon
98746324,2023-03-28,2023-06-06,2023-05-31,2023-06-02,2023-04-07,2023-05-17,2023-05-08,2023-06-03,2023-06-04,2023-04-05,2023-05-20,2023-05-10,3,Genesis
30812115,2023-09-08,2023-12-01,2023-11-08,2023-10-05,2023-11-13,2023-10-10,2023-10-25,2023-11-05,2023-10-06,2023-11-15,2023-10-09,2023-10-22,6,Horizon
80694433,2023-09-24,2023-11-12,2023-10-12,2023-10-09,2023-10-30,2023-10-28,2023-11-05,2023-10-12,2023-10-07,2023-11-02,2023-10-25,2023-11-04,6,Horizon
35236935,2023-06-01,2023-08-17,2023-07-13,2023-08-04,2023-07-01,2023-07-16,2023-06-07,2023-07-16,2023-08-05,2023-07-02,2023-07-16,2023-06-10,1,Luminary
90847846,2023-02-26,2023-04-30,2023-03-19,2023-03-09,2023-03-13,2023-04-05,2023-04-12,2023-03-16,2023-03-11,2023-03-12,2023-04-08,2023-04-12,4,Odyssey
75669932,2023-10-02,2023-12-11,2023-11-23,2023-10-22,2023-11-06,2023-12-09,2023-10-06,2023-11-21,2023-10-21,2023-11-07,2023-12-09,2023-10-06,6,Horizon
56965891,2023-01-09,2023-03-06,2023-02-17,2023-01-29,2023-01-17,2023-02-18,2023-03-05,2023-02-19,2023-01-30,2023-01-19,2023-02-18,2023-03-02,6,Horizon
30850172,2023-12-06,2024-03-06,2024-02-20,2024-01-14,2024-01-27,2023-12-26,2024-02-05,2024-02-21,2024-01-13,2024-01-30,2023-12-24,2024-02-07,2,Apex
88571813,2023-01-02,2023-02-20,2023-01-15,2023-02-18,2023-01-31,2023-02-07,2023-01-08,2023-01-12,2023-02-17,2023-01-29,2023-02-07,2023-01-10,4,Odyssey
29945335,2023-01-31,2023-05-02,2023-03-30,2023-04-11,2023-03-19,2023-04-14,2023-02-01,2023-04-01,2023-04-09,2023-03-21,2023-04-14,2023-01-31,6,Horizon
86856179,2023-03-21,2023-05-23,2023-04-30,2023-05-19,2023-04-24,2023-04-20,2023-03-29,2023-04-27,2023-05-16,2023-04-21,2023-04-19,2023-03-29,1,Luminary
67631954,2023-10-17,2023-12-19,2023-10-19,2023-11-09,2023-12-15,2023-10-19,2023-12-13,2023-10-22,2023-11-08,2023-12-12,2023-10-17,2023-12-10,5,Endeavor
45550784,2023-12-02,2024-01-27,2024-01-20,2024-01-06,2023-12-16,2024-01-16,2023-12-27,2024-01-20,2024-01-06,2023-12-17,2024-01-17,2023-12-28,2,Apex
38400375,2023-02-12,2023-04-23,2023-04-10,2023-03-27,2023-03-11,2023-03-05,2023-03-21,2023-04-07,2023-03-24,2023-03-08,2023-03-04,2023-03-22,6,Horizon
25673174,2023-05-30,2023-07-18,2023-07-01,2023-06-21,2023-06-24,2023-06-07,2023-06-03,2023-07-02,2023-06-22,2023-06-27,2023-06-06,2023-06-06,2,Apex
31176464,2023-03-02,2023-05-11,2023-04-01,2023-05-01,2023-04-27,2023-04-25,2023-04-18,2023-03-29,2023-04-30,2023-04-27,2023-04-25,2023-04-21,6,Horizon
28696027,2023-01-25,2023-03-15,2023-03-12,2023-03-08,2023-02-25,2023-03-03,2023-01-27,2023-03-14,2023-03-09,2023-02-23,2023-03-04,2023-01-28,1,Luminary
69249624,2023-02-15,2023-04-12,2023-03-29,2023-02-27,2023-02-28,2023-02-18,2023-02-26,2023-03-31,2023-02-27,2023-02-26,2023-02-16,2023-02-25,5,Endeavor
81971241,2023-10-01,2023-12-03,2023-11-11,2023-10-25,2023-10-04,2023-12-01,2023-10-27,2023-11-10,2023-10-25,2023-10-02,2023-11-28,2023-10-25,4,Odyssey
66883719,2023-04-13,2023-06-22,2023-05-20,2023-04-24,2023-05-16,2023-05-11,2023-05-19,2023-05-19,2023-04-24,2023-05-15,2023-05-11,2023-05-22,6,Horizon
34088561,2023-08-28,2023-10-16,2023-09-15,2023-09-02,2023-09-29,2023-08-29,2023-09-12,2023-09-14,2023-09-01,2023-09-27,2023-08-31,2023-09-14,3,Genesis
15142407,2023-07-12,2023-09-20,2023-07-14,2023-09-11,2023-08-06,2023-08-13,2023-07-25,2023-07-15,2023-09-12,2023-08-04,2023-08-13,2023-07-22,2,Apex
50114765,2023-05-14,2023-07-09,2023-05-23,2023-07-07,2023-06-23,2023-05-20,2023-06-07,2023-05-22,2023-07-04,2023-06-23,2023-05-19,2023-06-10,2,Apex
73108725,2023-08-10,2023-10-26,2023-08-20,2023-09-29,2023-08-17,2023-10-05,2023-08-22,2023-08-20,2023-10-02,2023-08-20,2023-10-04,2023-08-22,1,Luminary
86893067,2023-07-08,2023-09-09,2023-07-11,2023-08-27,2023-07-29,2023-08-10,2023-07-17,2023-07-11,2023-08-30,2023-08-01,2023-08-13,2023-07-19,2,Apex
21446490,2023-08-05,2023-10-21,2023-10-12,2023-08-26,2023-08-22,2023-10-11,2023-10-08,2023-10-10,2023-08-25,2023-08-21,2023-10-12,2023-10-10,1,Luminary
59213795,2023-03-31,2023-05-26,2023-05-08,2023-04-19,2023-05-12,2023-05-03,2023-04-15,2023-05-08,2023-04-18,2023-05-10,2023-05-03,2023-04-14,1,Luminary
96890780,2023-04-15,2023-06-17,2023-05-18,2023-06-07,2023-05-04,2023-05-05,2023-05-30,2023-05-20,2023-06-09,2023-05-06,2023-05-05,2023-05-31,3,Genesis
23223556,2023-11-18,2024-02-17,2023-12-18,2023-11-30,2023-12-14,2024-01-11,2024-01-21,2023-12-16,2023-11-29,2023-12-14,2024-01-10,2024-01-24,5,Endeavor
23555947,2023-10-29,2024-01-28,2024-01-11,2023-10-29,2023-11-06,2024-01-01,2024-01-16,2024-01-11,2023-10-28,2023-11-03,2024-01-02,2024-01-14,6,Horizon
76340425,2023-05-08,2023-07-24,2023-06-06,2023-07-15,2023-07-22,2023-06-08,2023-05-11,2023-06-07,2023-07-13,2023-07-24,2023-06-11,2023-05-12,6,Horizon
42968872,2023-02-02,2023-03-23,2023-02-03,2023-03-02,2023-02-13,2023-02-18,2023-02-28,2023-02-05,2023-03-02,2023-02-15,2023-02-16,2023-02-28,3,Genesis
79850249,2023-03-20,2023-06-19,2023-05-08,2023-05-12,2023-04-22,2023-06-11,2023-05-02,2023-05-07,2023-05-15,2023-04-24,2023-06-08,2023-05-05,3,Genesis
15734643,2023-02-04,2023-05-06,2023-03-16,2023-03-24,2023-03-27,2023-04-25,2023-03-15,2023-03-19,2023-03-27,2023-03-27,2023-04-27,2023-03-15,4,Odyssey
14041044,2023-02-17,2023-04-14,2023-02-24,2023-04-02,2023-03-20,2023-03-05,2023-03-17,2023-02-26,2023-04-01,2023-03-18,2023-03-04,2023-03-19,1,Luminary
89100576,2023-04-04,2023-05-30,2023-05-16,2023-05-01,2023-04-07,2023-04-06,2023-04-04,2023-05-18,2023-05-01,2023-04-10,2023-04-06,2023-04-01,3,Genesis
21578554,2023-09-05,2023-11-14,2023-10-01,2023-09-12,2023-11-08,2023-10-05,2023-10-05,2023-10-02,2023-09-12,2023-11-09,2023-10-05,2023-10-06,6,Horizon
72498864,2023-08-01,2023-10-17,2023-10-03,2023-08-28,2023-08-05,2023-10-16,2023-10-08,2023-10-06,2023-08-30,2023-08-05,2023-10-17,2023-10-05,4,Odyssey
44902458,2023-04-07,2023-07-07,2023-06-28,2023-07-02,2023-06-13,2023-05-27,2023-04-20,2023-06-27,2023-07-04,2023-06-16,2023-05-28,2023-04-21,5,Endeavor
88630588,2023-04-11,2023-07-04,2023-06-07,2023-04-16,2023-06-26,2023-05-18,2023-05-21,2023-06-04,2023-04-13,2023-06-29,2023-05-16,2023-05-23,1,Luminary
44474606,2023-04-20,2023-07-13,2023-06-15,2023-05-11,2023-05-14,2023-05-20,2023-07-07,2023-06-14,2023-05-09,2023-05-16,2023-05-21,2023-07-04,1,Luminary
85496272,2023-07-26,2023-10-11,2023-09-11,2023-09-07,2023-10-02,2023-08-06,2023-09-05,2023-09-13,2023-09-09,2023-10-04,2023-08-06,2023-09-08,6,Horizon
60515525,2023-05-26,2023-07-28,2023-06-11,2023-07-15,2023-05-30,2023-06-17,2023-07-11,2023-06-14,2023-07-15,2023-05-27,2023-06-14,2023-07-08,2,Apex
31806916,2023-05-30,2023-08-01,2023-06-01,2023-06-22,2023-06-06,2023-06-28,2023-06-08,2023-05-30,2023-06-23,2023-06-08,2023-06-29,2023-06-09,2,Apex
41888726,2023-11-17,2024-02-02,2023-12-04,2023-11-29,2023-12-29,2023-11-18,2024-01-29,2023-12-06,2023-11-30,2023-12-27,2023-11-18,2024-01-28,6,Horizon
93926826,2023-05-21,2023-07-30,2023-07-11,2023-06-30,2023-06-02,2023-07-11,2023-06-13,2023-07-11,2023-07-03,2023-06-04,2023-07-12,2023-06-15,1,Luminary
26370853,2023-07-14,2023-09-29,2023-08-10,2023-08-09,2023-08-22,2023-08-24,2023-08-28,2023-08-08,2023-08-08,2023-08-19,2023-08-24,2023-08-25,2,Apex
88003820,2023-09-28,2023-11-30,2023-10-03,2023-10-13,2023-11-17,2023-11-01,2023-10-17,2023-10-03,2023-10-10,2023-11-14,2023-11-04,2023-10-19,3,Genesis
79495743,2023-04-07,2023-06-02,2023-04-21,2023-04-28,2023-05-06,2023-04-21,2023-04-25,2023-04-20,2023-04-27,2023-05-05,2023-04-21,2023-04-28,5,Endeavor
31455843,2023-08-03,2023-09-28,2023-08-27,2023-09-24,2023-08-05,2023-08-20,2023-08-25,2023-08-28,2023-09-24,2023-08-04,2023-08-20,2023-08-22,4,Odyssey
76661537,2023-12-02,2024-02-10,2024-01-11,2024-02-08,2023-12-17,2023-12-25,2024-01-25,2024-01-13,2024-02-10,2023-12-17,2023-12-24,2024-01-22,6,Horizon
97266402,2023-02-20,2023-04-24,2023-04-17,2023-03-08,2023-03-16,2023-04-11,2023-03-21,2023-04-14,2023-03-11,2023-03-18,2023-04-08,2023-03-18,1,Luminary
94295132,2023-11-07,2024-02-06,2024-01-30,2024-01-29,2024-01-23,2024-01-14,2024-01-18,2024-01-29,2024-01-31,2024-01-20,2024-01-16,2024-01-21,4,Odyssey
42640593,2023-01-09,2023-03-06,2023-02-22,2023-01-28,2023-01-15,2023-02-18,2023-01-25,2023-02-24,2023-01-26,2023-01-16,2023-02-16,2023-01-26,4,Odyssey
11766005,2023-05-28,2023-07-23,2023-07-16,2023-07-04,2023-06-17,2023-07-04,2023-07-18,2023-07-15,2023-07-05,2023-06-17,2023-07-04,2023-07-16,3,Genesis
40396830,2023-07-24,2023-10-23,2023-09-09,2023-08-03,2023-08-05,2023-10-15,2023-08-01,2023-09-09,2023-08-05,2023-08-03,2023-10-13,2023-08-03,1,Luminary
29265852,2023-07-26,2023-10-18,2023-07-27,2023-10-14,2023-08-02,2023-07-27,2023-10-06,2023-07-27,2023-10-14,2023-07-30,2023-07-29,2023-10-07,6,Horizon
90674455,2023-04-05,2023-05-31,2023-05-13,2023-05-18,2023-05-01,2023-05-15,2023-05-08,2023-05-13,2023-05-19,2023-05-01,2023-05-15,2023-05-05,1,Luminary
29361996,2023-09-15,2023-12-08,2023-10-23,2023-10-10,2023-11-24,2023-09-22,2023-11-27,2023-10-21,2023-10-08,2023-11-23,2023-09-25,2023-11-29,6,Horizon
95473684,2023-03-03,2023-06-02,2023-04-28,2023-03-26,2023-05-13,2023-03-23,2023-05-25,2023-05-01,2023-03-23,2023-05-14,2023-03-20,2023-05-28,1,Luminary
30716019,2023-01-18,2023-04-19,2023-04-01,2023-04-10,2023-01-23,2023-03-08,2023-04-06,2023-04-02,2023-04-08,2023-01-22,2023-03-07,2023-04-04,1,Luminary
89462294,2023-01-27,2023-04-07,2023-04-04,2023-03-11,2023-02-20,2023-03-11,2023-04-05,2023-04-01,2023-03-10,2023-02-22,2023-03-14,2023-04-05,2,Apex
93297399,2023-10-30,2024-01-15,2024-01-11,2024-01-02,2023-11-12,2023-12-27,2023-12-29,2024-01-13,2024-01-01,2023-11-13,2023-12-27,2023-12-30,2,Apex
33798466,2023-12-08,2024-02-16,2024-01-26,2024-01-05,2023-12-09,2024-02-04,2023-12-22,2024-01-27,2024-01-02,2023-12-08,2024-02-03,2023-12-25,5,Endeavor
19115249,2023-05-17,2023-07-26,2023-07-20,2023-06-20,2023-06-21,2023-06-14,2023-07-04,2023-07-21,2023-06-18,2023-06-24,2023-06-16,2023-07-06,5,Endeavor
24174190,2023-09-07,2023-12-07,2023-11-12,2023-10-01,2023-09-19,2023-09-09,2023-10-23,2023-11-11,2023-10-02,2023-09-20,2023-09-06,2023-10-25,5,Endeavor
47505592,2023-11-10,2024-01-05,2023-11-29,2023-12-18,2023-12-12,2023-12-25,2023-12-09,2023-11-28,2023-12-15,2023-12-10,2023-12-24,2023-12-06,2,Apex
22812414,2023-06-21,2023-08-16,2023-07-04,2023-08-06,2023-07-19,2023-07-23,2023-07-24,2023-07-03,2023-08-08,2023-07-17,2023-07-24,2023-07-24,2,Apex
46175877,2023-11-28,2024-02-06,2024-01-28,2024-01-25,2024-01-03,2024-01-05,2024-01-23,2024-01-29,2024-01-23,2024-01-04,2024-01-05,2024-01-23,2,Apex
93612213,2023-06-05,2023-07-31,2023-07-23,2023-07-03,2023-07-29,2023-06-27,2023-06-23,2023-07-23,2023-07-05,2023-07-30,2023-06-29,2023-06-25,1,Luminary
72791554,2023-06-17,2023-08-12,2023-07-08,2023-07-12,2023-08-05,2023-07-03,2023-08-05,2023-07-09,2023-07-10,2023-08-05,2023-07-02,2023-08-03,4,Odyssey
87469864,2023-02-24,2023-04-21,2023-04-15,2023-04-16,2023-04-14,2023-04-11,2023-03-29,2023-04-14,2023-04-19,2023-04-14,2023-04-12,2023-03-26,6,Horizon
44624419,2023-04-11,2023-07-11,2023-05-23,2023-05-10,2023-05-25,2023-07-07,2023-06-13,2023-05-22,2023-05-07,2023-05-25,2023-07-05,2023-06-11,1,Luminary
87620505,2023-07-24,2023-10-23,2023-07-29,2023-10-08,2023-10-02,2023-08-11,2023-08-17,2023-07-29,2023-10-09,2023-10-03,2023-08-13,2023-08-17,3,Genesis
66351003,2023-06-28,2023-09-06,2023-09-03,2023-07-04,2023-06-29,2023-07-17,2023-08-24,2023-09-05,2023-07-04,2023-06-29,2023-07-19,2023-08-27,3,Genesis
15570548,2023-02-10,2023-04-21,2023-03-06,2023-02-10,2023-03-03,2023-02-27,2023-04-11,2023-03-06,2023-02-08,2023-02-28,2023-02-28,2023-04-08,2,Apex
20031644,2023-03-09,2023-06-08,2023-06-05,2023-05-12,2023-04-12,2023-05-07,2023-05-26,2023-06-08,2023-05-10,2023-04-11,2023-05-04,2023-05-25,4,Odyssey
28972892,2023-04-14,2023-06-09,2023-04-14,2023-04-15,2023-04-16,2023-04-30,2023-05-14,2023-04-15,2023-04-14,2023-04-14,2023-05-03,2023-05-14,4,Odyssey
70600572,2023-11-16,2024-02-01,2023-12-08,2023-12-24,2024-01-03,2024-01-26,2023-12-21,2023-12-10,2023-12-27,2024-01-06,2024-01-26,2023-12-22,2,Apex
17866874,2023-11-30,2024-02-15,2024-01-03,2023-12-08,2024-01-25,2024-01-10,2024-02-13,2023-12-31,2023-12-09,2024-01-22,2024-01-09,2024-02-16,1,Luminary
56578614,2023-02-14,2023-05-02,2023-04-22,2023-02-16,2023-04-29,2023-03-02,2023-02-15,2023-04-25,2023-02-15,2023-04-30,2023-03-05,2023-02-18,2,Apex
54675337,2023-08-19,2023-10-07,2023-09-14,2023-09-22,2023-09-08,2023-09-25,2023-09-07,2023-09-17,2023-09-24,2023-09-08,2023-09-26,2023-09-05,2,Apex
44083101,2023-05-04,2023-07-13,2023-05-21,2023-05-21,2023-06-21,2023-07-06,2023-05-18,2023-05-18,2023-05-23,2023-06-24,2023-07-08,2023-05-21,1,Luminary
95530418,2023-08-26,2023-10-21,2023-10-14,2023-10-04,2023-09-17,2023-08-26,2023-08-31,2023-10-13,2023-10-07,2023-09-14,2023-08-26,2023-08-30,6,Horizon
64733154,2023-06-19,2023-08-21,2023-08-16,2023-06-22,2023-08-20,2023-08-20,2023-08-20,2023-08-19,2023-06-25,2023-08-17,2023-08-20,2023-08-23,2,Apex
62410217,2023-02-22,2023-04-12,2023-04-11,2023-03-02,2023-04-03,2023-03-24,2023-03-26,2023-04-14,2023-03-05,2023-04-01,2023-03-22,2023-03-29,3,Genesis
12975941,2023-09-03,2023-11-26,2023-11-02,2023-11-22,2023-11-02,2023-09-21,2023-11-11,2023-11-03,2023-11-24,2023-11-01,2023-09-24,2023-11-13,3,Genesis
49793487,2023-01-24,2023-04-11,2023-02-25,2023-02-06,2023-02-23,2023-03-28,2023-04-06,2023-02-27,2023-02-06,2023-02-21,2023-03-29,2023-04-04,4,Odyssey
97631588,2023-04-17,2023-07-17,2023-06-03,2023-06-02,2023-06-15,2023-07-14,2023-05-19,2023-06-01,2023-06-05,2023-06-13,2023-07-17,2023-05-16,1,Luminary
42462797,2023-04-15,2023-07-01,2023-06-16,2023-04-22,2023-05-29,2023-06-27,2023-04-30,2023-06-15,2023-04-23,2023-05-28,2023-06-28,2023-05-01,4,Odyssey
38494233,2023-02-11,2023-04-08,2023-04-01,2023-03-08,2023-04-06,2023-03-22,2023-03-26,2023-03-31,2023-03-10,2023-04-05,2023-03-21,2023-03-27,2,Apex
21965011,2023-06-13,2023-08-15,2023-06-28,2023-08-10,2023-07-23,2023-06-25,2023-06-23,2023-07-01,2023-08-11,2023-07-25,2023-06-28,2023-06-20,6,Horizon
89531242,2023-08-16,2023-10-11,2023-08-26,2023-09-03,2023-10-01,2023-09-13,2023-08-25,2023-08-29,2023-09-06,2023-10-01,2023-09-10,2023-08-24,3,Genesis
29326802,2023-09-23,2023-12-23,2023-12-06,2023-11-03,2023-10-18,2023-10-19,2023-12-08,2023-12-08,2023-11-01,2023-10-20,2023-10-22,2023-12-06,3,Genesis
43266826,2023-02-12,2023-04-09,2023-03-18,2023-04-02,2023-04-05,2023-02-19,2023-02-12,2023-03-16,2023-04-04,2023-04-04,2023-02-22,2023-02-10,2,Apex
80181056,2023-01-16,2023-04-17,2023-03-16,2023-01-17,2023-04-01,2023-01-29,2023-04-12,2023-03-19,2023-01-19,2023-04-01,2023-01-29,2023-04-10,3,Genesis
38588182,2023-02-17,2023-05-05,2023-03-28,2023-03-26,2023-05-04,2023-04-04,2023-02-19,2023-03-30,2023-03-25,2023-05-06,2023-04-04,2023-02-19,2,Apex
70797912,2023-05-02,2023-07-11,2023-07-02,2023-05-15,2023-05-10,2023-07-09,2023-06-09,2023-06-29,2023-05-17,2023-05-13,2023-07-12,2023-06-06,2,Apex
52906501,2023-09-08,2023-11-17,2023-11-03,2023-09-29,2023-09-12,2023-09-28,2023-10-18,2023-11-04,2023-10-01,2023-09-11,2023-09-30,2023-10-17,1,Luminary
11433642,2023-01-11,2023-03-22,2023-01-15,2023-03-10,2023-02-18,2023-01-23,2023-03-06,2023-01-15,2023-03-09,2023-02-19,2023-01-20,2023-03-09,5,Endeavor
43618953,2023-10-11,2024-01-10,2023-12-18,2023-11-08,2023-11-19,2023-11-19,2024-01-05,2023-12-21,2023-11-10,2023-11-16,2023-11-21,2024-01-05,5,Endeavor
66482992,2023-11-20,2024-02-12,2024-01-12,2023-11-25,2024-01-31,2024-02-09,2024-01-02,2024-01-14,2023-11-27,2024-01-30,2024-02-12,2023-12-30,1,Luminary
87610158,2023-12-08,2024-03-08,2024-01-29,2023-12-22,2024-01-31,2024-03-04,2023-12-20,2024-01-30,2023-12-22,2024-01-29,2024-03-04,2023-12-23,3,Genesis
79695473,2023-09-08,2023-11-03,2023-09-28,2023-09-24,2023-09-16,2023-11-02,2023-10-23,2023-09-28,2023-09-23,2023-09-15,2023-11-05,2023-10-22,4,Odyssey
83513301,2023-04-22,2023-06-24,2023-05-18,2023-05-16,2023-05-12,2023-05-31,2023-04-22,2023-05-19,2023-05-17,2023-05-10,2023-06-01,2023-04-25,6,Horizon
27336909,2023-12-02,2024-02-10,2024-02-01,2023-12-07,2024-01-21,2023-12-08,2023-12-02,2024-02-04,2023-12-06,2024-01-23,2023-12-11,2023-11-29,4,Odyssey
54545267,2023-09-06,2023-10-25,2023-10-03,2023-09-21,2023-09-19,2023-09-19,2023-09-17,2023-09-30,2023-09-23,2023-09-22,2023-09-22,2023-09-17,4,Odyssey
86434633,2023-05-10,2023-06-28,2023-05-10,2023-06-10,2023-05-24,2023-06-11,2023-05-16,2023-05-07,2023-06-13,2023-05-22,2023-06-11,2023-05-16,6,Horizon
98017593,2023-02-03,2023-03-24,2023-03-11,2023-02-23,2023-02-27,2023-03-18,2023-03-07,2023-03-11,2023-02-21,2023-03-01,2023-03-16,2023-03-09,5,Endeavor
81574976,2023-09-22,2023-11-24,2023-11-08,2023-11-06,2023-11-13,2023-11-12,2023-09-30,2023-11-06,2023-11-09,2023-11-12,2023-11-09,2023-10-02,3,Genesis
62108559,2023-02-01,2023-04-05,2023-03-03,2023-03-15,2023-03-10,2023-03-12,2023-03-25,2023-03-02,2023-03-12,2023-03-09,2023-03-14,2023-03-27,4,Odyssey
36901693,2023-07-06,2023-08-31,2023-08-28,2023-08-16,2023-08-25,2023-07-13,2023-07-27,2023-08-25,2023-08-16,2023-08-27,2023-07-12,2023-07-29,6,Horizon
50029010,2023-02-25,2023-05-20,2023-04-28,2023-04-04,2023-05-16,2023-04-15,2023-03-27,2023-05-01,2023-04-02,2023-05-16,2023-04-17,2023-03-24,3,Genesis
22742184,2023-02-27,2023-05-22,2023-03-05,2023-03-12,2023-03-14,2023-03-02,2023-04-05,2023-03-02,2023-03-09,2023-03-12,2023-03-02,2023-04-02,6,Horizon
69748089,2023-09-08,2023-11-03,2023-11-01,2023-09-19,2023-09-14,2023-10-28,2023-10-03,2023-11-02,2023-09-17,2023-09-15,2023-10-30,2023-10-03,3,Genesis
97113496,2023-08-08,2023-09-26,2023-09-06,2023-09-11,2023-09-23,2023-09-16,2023-09-07,2023-09-03,2023-09-13,2023-09-22,2023-09-19,2023-09-04,1,Luminary
95320346,2023-10-16,2024-01-15,2023-12-20,2024-01-11,2023-12-15,2023-11-30,2023-12-04,2023-12-20,2024-01-13,2023-12-13,2023-11-30,2023-12-01,6,Horizon
46195645,2023-05-15,2023-07-10,2023-06-06,2023-07-02,2023-05-18,2023-06-21,2023-06-19,2023-06-06,2023-06-29,2023-05-20,2023-06-24,2023-06-16,5,Endeavor
41796235,2023-05-13,2023-07-01,2023-05-13,2023-06-06,2023-05-20,2023-06-28,2023-05-23,2023-05-12,2023-06-05,2023-05-19,2023-06-26,2023-05-23,4,Odyssey
96876981,2023-05-23,2023-08-22,2023-07-04,2023-08-05,2023-07-22,2023-06-15,2023-07-14,2023-07-07,2023-08-08,2023-07-25,2023-06-13,2023-07-16,6,Horizon
