project_id,project_start_date,project_end_date,milestone_1_due_date,milestone_2_due_date,milestone_3_due_date,milestone_4_due_date,milestone_5_due_date,milestone_1_completed_date,milestone_2_completed_date,milestone_3_completed_date,milestone_4_completed_date,milestone_5_completed_date,team_name
13260116,2023-03-13,2023-06-12,2023-05-21,2023-03-25,2023-04-28,2023-04-02,2023-05-22,2023-05-21,2023-03-24,2023-04-30,2023-04-03,2023-05-20,Horizon
79616348,2023-11-07,2023-12-26,2023-11-12,2023-11-09,2023-12-18,2023-11-16,2023-12-02,2023-11-12,2023-11-08,2023-12-19,2023-11-15,2023-12-04,Luminary
78156894,2023-01-28,2023-04-08,2023-02-18,2023-02-03,2023-03-31,2023-02-26,2023-03-03,2023-02-20,2023-02-02,2023-03-31,2023-03-01,2023-03-02,Genesis
24985534,2023-06-19,2023-08-14,2023-07-06,2023-06-24,2023-08-06,2023-08-03,2023-06-22,2023-07-06,2023-06-27,2023-08-06,2023-07-31,2023-06-20,Luminary
15403509,2023-08-20,2023-10-29,2023-08-29,2023-10-26,2023-09-26,2023-09-08,2023-09-14,2023-08-30,2023-10-25,2023-09-27,2023-09-07,2023-09-16,Genesis
86491353,2023-05-20,2023-07-22,2023-07-04,2023-07-14,2023-06-05,2023-06-08,2023-05-25,2023-07-01,2023-07-17,2023-06-07,2023-06-08,2023-05-24,Apex
58143388,2023-11-03,2023-12-22,2023-11-18,2023-11-18,2023-12-06,2023-11-27,2023-11-14,2023-11-19,2023-11-21,2023-12-08,2023-11-30,2023-11-16,Odyssey
15334965,2023-08-20,2023-10-08,2023-10-01,2023-09-05,2023-08-21,2023-10-04,2023-09-28,2023-10-02,2023-09-07,2023-08-21,2023-10-07,2023-09-27,Genesis
59091040,2023-08-10,2023-11-09,2023-11-02,2023-09-28,2023-11-07,2023-09-09,2023-10-12,2023-11-05,2023-09-26,2023-11-08,2023-09-12,2023-10-11,Luminary
34134703,2023-05-19,2023-07-14,2023-06-25,2023-06-12,2023-06-02,2023-07-12,2023-05-20,2023-06-27,2023-06-10,2023-06-03,2023-07-11,2023-05-22,Apex
55756282,2023-06-27,2023-09-26,2023-09-06,2023-07-04,2023-07-29,2023-09-06,2023-07-01,2023-09-08,2023-07-07,2023-07-31,2023-09-08,2023-07-04,Odyssey
46139651,2023-07-31,2023-09-25,2023-08-27,2023-08-13,2023-08-23,2023-09-15,2023-09-03,2023-08-29,2023-08-10,2023-08-25,2023-09-17,2023-08-31,Endeavor
75235877,2023-08-25,2023-10-27,2023-09-21,2023-09-28,2023-10-21,2023-10-25,2023-10-24,2023-09-24,2023-09-28,2023-10-18,2023-10-26,2023-10-23,Luminary
74846082,2023-02-21,2023-05-16,2023-05-01,2023-03-23,2023-03-30,2023-05-04,2023-04-02,2023-04-29,2023-03-20,2023-03-29,2023-05-03,2023-04-04,Luminary
66249169,2023-11-18,2024-01-27,2024-01-20,2023-11-25,2023-11-18,2024-01-14,2023-12-06,2024-01-18,2023-11-23,2023-11-16,2024-01-17,2023-12-07,Odyssey
10174962,2023-09-29,2023-12-01,2023-10-31,2023-10-14,2023-10-22,2023-10-20,2023-11-29,2023-11-01,2023-10-15,2023-10-21,2023-10-23,2023-11-27,Genesis
96959075,2023-06-24,2023-08-26,2023-07-30,2023-08-18,2023-08-03,2023-06-27,2023-08-02,2023-08-02,2023-08-18,2023-08-06,2023-06-26,2023-08-04,Apex
41696606,2023-12-05,2024-03-05,2024-02-11,2024-01-29,2024-01-14,2024-02-17,2024-02-07,2024-02-10,2024-02-01,2024-01-11,2024-02-17,2024-02-04,Horizon
97825473,2023-10-03,2023-11-28,2023-10-07,2023-10-19,2023-11-15,2023-10-09,2023-10-28,2023-10-10,2023-10-17,2023-11-18,2023-10-11,2023-10-30,Luminary
97843046,2023-09-30,2023-12-23,2023-10-15,2023-11-12,2023-11-20,2023-11-16,2023-11-23,2023-10-15,2023-11-15,2023-11-23,2023-11-17,2023-11-22,Luminary
74077584,2023-08-23,2023-10-11,2023-08-23,2023-08-26,2023-10-10,2023-09-23,2023-09-22,2023-08-26,2023-08-26,2023-10-07,2023-09-22,2023-09-23,Luminary
56205817,2023-11-22,2024-01-10,2024-01-06,2023-11-26,2024-01-01,2023-12-10,2023-11-30,2024-01-06,2023-11-25,2024-01-03,2023-12-12,2023-12-02,Luminary
31570954,2023-11-22,2024-01-24,2023-12-04,2023-11-23,2023-12-31,2024-01-01,2023-12-22,2023-12-05,2023-11-23,2024-01-03,2024-01-03,2023-12-21,Genesis
15864343,2023-01-02,2023-02-20,2023-01-22,2023-01-03,2023-01-02,2023-01-11,2023-01-20,2023-01-24,2023-01-01,2023-01-02,2023-01-08,2023-01-21,Genesis
74456315,2023-02-16,2023-05-04,2023-04-16,2023-04-20,2023-03-07,2023-03-17,2023-03-15,2023-04-15,2023-04-21,2023-03-05,2023-03-19,2023-03-12,Genesis
80587639,2023-09-25,2023-12-18,2023-10-12,2023-10-04,2023-11-10,2023-12-16,2023-11-02,2023-10-15,2023-10-04,2023-11-12,2023-12-15,2023-11-04,Odyssey
98382302,2023-09-01,2023-11-10,2023-09-08,2023-09-03,2023-09-27,2023-10-14,2023-09-12,2023-09-05,2023-09-01,2023-09-24,2023-10-11,2023-09-11,Odyssey
32131233,2023-12-01,2024-02-09,2023-12-25,2023-12-13,2024-02-02,2024-01-20,2024-02-02,2023-12-22,2023-12-10,2024-01-31,2024-01-21,2024-01-31,Endeavor
61710055,2023-09-08,2023-11-17,2023-10-11,2023-09-19,2023-09-22,2023-10-05,2023-09-09,2023-10-11,2023-09-18,2023-09-24,2023-10-07,2023-09-11,Genesis
48625657,2023-01-17,2023-04-04,2023-01-20,2023-02-05,2023-03-24,2023-02-11,2023-03-12,2023-01-20,2023-02-06,2023-03-26,2023-02-13,2023-03-10,Luminary
87882006,2023-05-03,2023-07-12,2023-06-07,2023-06-27,2023-05-07,2023-07-10,2023-06-30,2023-06-09,2023-06-24,2023-05-10,2023-07-10,2023-07-01,Apex
74920546,2023-09-12,2023-11-21,2023-10-30,2023-11-20,2023-11-13,2023-10-26,2023-11-13,2023-10-29,2023-11-17,2023-11-15,2023-10-25,2023-11-11,Apex
38592239,2023-06-19,2023-08-28,2023-07-25,2023-08-10,2023-07-06,2023-07-09,2023-07-25,2023-07-25,2023-08-08,2023-07-09,2023-07-08,2023-07-22,Odyssey
13663487,2023-08-17,2023-11-09,2023-09-14,2023-08-17,2023-08-30,2023-08-31,2023-09-12,2023-09-13,2023-08-18,2023-09-01,2023-08-30,2023-09-09,Luminary
70966844,2023-05-10,2023-07-19,2023-06-11,2023-06-14,2023-07-18,2023-05-19,2023-06-11,2023-06-10,2023-06-12,2023-07-15,2023-05-22,2023-06-14,Luminary
93628005,2023-10-30,2024-01-08,2023-12-29,2023-11-02,2023-11-03,2023-11-25,2023-11-14,2023-12-26,2023-11-04,2023-11-01,2023-11-27,2023-11-16,Endeavor
90500976,2023-02-28,2023-05-16,2023-04-25,2023-03-28,2023-04-04,2023-04-07,2023-04-22,2023-04-22,2023-03-25,2023-04-07,2023-04-06,2023-04-20,Horizon
33274204,2023-02-20,2023-04-17,2023-03-20,2023-03-03,2023-04-07,2023-03-15,2023-02-24,2023-03-23,2023-03-04,2023-04-05,2023-03-12,2023-02-27,Apex
92083648,2023-04-30,2023-07-30,2023-05-17,2023-07-22,2023-06-19,2023-07-09,2023-05-06,2023-05-18,2023-07-20,2023-06-20,2023-07-07,2023-05-09,Luminary
69281294,2023-04-28,2023-07-28,2023-06-06,2023-07-18,2023-05-29,2023-05-27,2023-06-07,2023-06-04,2023-07-17,2023-06-01,2023-05-25,2023-06-10,Apex
52311871,2023-02-12,2023-04-30,2023-02-21,2023-04-07,2023-03-30,2023-03-30,2023-03-16,2023-02-18,2023-04-06,2023-04-02,2023-03-28,2023-03-14,Genesis
87630353,2023-11-23,2024-02-08,2023-12-26,2023-12-05,2024-01-08,2023-12-04,2024-01-29,2023-12-25,2023-12-08,2024-01-06,2023-12-01,2024-01-31,Apex
53991364,2023-07-13,2023-10-12,2023-08-23,2023-07-16,2023-08-11,2023-08-14,2023-09-22,2023-08-20,2023-07-14,2023-08-08,2023-08-13,2023-09-25,Horizon
67705457,2023-09-24,2023-12-24,2023-12-19,2023-10-09,2023-12-22,2023-10-10,2023-11-23,2023-12-17,2023-10-10,2023-12-21,2023-10-07,2023-11-21,Horizon
86219539,2023-08-08,2023-10-10,2023-09-13,2023-10-09,2023-08-16,2023-08-14,2023-08-16,2023-09-10,2023-10-07,2023-08-18,2023-08-14,2023-08-17,Horizon
94356588,2023-03-18,2023-05-06,2023-04-08,2023-03-23,2023-04-24,2023-03-18,2023-03-27,2023-04-10,2023-03-20,2023-04-24,2023-03-18,2023-03-30,Luminary
29339017,2023-06-02,2023-08-04,2023-07-26,2023-07-22,2023-06-30,2023-07-15,2023-07-19,2023-07-27,2023-07-23,2023-06-27,2023-07-15,2023-07-20,Endeavor
78773301,2023-11-03,2023-12-29,2023-11-24,2023-12-14,2023-11-11,2023-12-08,2023-11-24,2023-11-25,2023-12-11,2023-11-13,2023-12-11,2023-11-27,Genesis
67650965,2023-04-12,2023-07-05,2023-06-07,2023-06-26,2023-04-28,2023-05-23,2023-04-30,2023-06-08,2023-06-25,2023-04-28,2023-05-25,2023-04-27,Apex
62538373,2023-05-20,2023-07-08,2023-05-31,2023-05-26,2023-05-22,2023-07-02,2023-06-08,2023-05-31,2023-05-29,2023-05-22,2023-07-02,2023-06-10,Odyssey
41840229,2023-02-16,2023-04-06,2023-04-05,2023-03-26,2023-03-12,2023-03-08,2023-02-20,2023-04-05,2023-03-28,2023-03-12,2023-03-05,2023-02-17,Odyssey
59477224,2023-11-06,2024-01-08,2023-11-26,2024-01-05,2023-11-20,2023-11-16,2023-11-25,2023-11-27,2024-01-03,2023-11-17,2023-11-14,2023-11-24,Horizon
61134581,2023-06-28,2023-09-13,2023-08-03,2023-08-02,2023-08-20,2023-07-12,2023-07-08,2023-08-05,2023-08-03,2023-08-21,2023-07-14,2023-07-07,Odyssey
49623494,2023-08-20,2023-10-29,2023-10-06,2023-09-03,2023-10-13,2023-09-28,2023-10-20,2023-10-07,2023-09-04,2023-10-12,2023-09-28,2023-10-21,Luminary
42295217,2023-09-22,2023-12-08,2023-11-02,2023-11-11,2023-11-09,2023-11-26,2023-10-23,2023-11-02,2023-11-08,2023-11-12,2023-11-28,2023-10-20,Luminary
38369597,2023-11-20,2024-02-19,2024-01-07,2024-01-07,2024-01-20,2024-01-24,2024-02-12,2024-01-09,2024-01-09,2024-01-23,2024-01-25,2024-02-14,Luminary
44214441,2023-03-20,2023-06-19,2023-05-11,2023-05-18,2023-06-18,2023-04-10,2023-03-20,2023-05-09,2023-05-18,2023-06-18,2023-04-08,2023-03-20,Luminary
42453543,2023-05-13,2023-07-15,2023-06-12,2023-06-13,2023-05-16,2023-07-02,2023-05-27,2023-06-15,2023-06-13,2023-05-16,2023-07-02,2023-05-29,Luminary
82002605,2023-12-06,2024-01-24,2023-12-30,2023-12-21,2024-01-11,2024-01-03,2024-01-20,2023-12-29,2023-12-21,2024-01-10,2024-01-05,2024-01-19,Odyssey
88806510,2023-01-26,2023-03-30,2023-02-03,2023-03-17,2023-01-29,2023-02-01,2023-02-16,2023-02-01,2023-03-19,2023-01-29,2023-01-29,2023-02-13,Apex
59937705,2023-02-20,2023-05-22,2023-02-23,2023-03-21,2023-02-21,2023-05-04,2023-05-12,2023-02-20,2023-03-18,2023-02-21,2023-05-01,2023-05-14,Genesis
71140879,2023-06-24,2023-09-16,2023-07-26,2023-09-15,2023-07-09,2023-09-09,2023-07-08,2023-07-25,2023-09-18,2023-07-07,2023-09-10,2023-07-05,Apex
41966207,2023-12-04,2024-02-19,2024-02-05,2024-01-17,2024-01-09,2024-01-22,2024-01-10,2024-02-06,2024-01-18,2024-01-08,2024-01-24,2024-01-07,Apex
90440114,2023-07-25,2023-10-03,2023-09-11,2023-07-28,2023-09-18,2023-08-02,2023-09-28,2023-09-10,2023-07-31,2023-09-20,2023-08-05,2023-09-28,Odyssey
55329204,2023-11-05,2024-02-04,2024-01-22,2023-12-25,2024-01-17,2024-01-02,2023-11-12,2024-01-24,2023-12-22,2024-01-16,2024-01-03,2023-11-11,Luminary
93749468,2023-10-18,2023-12-20,2023-11-28,2023-11-07,2023-11-15,2023-12-08,2023-12-15,2023-11-25,2023-11-08,2023-11-16,2023-12-06,2023-12-13,Genesis
94978596,2023-06-12,2023-09-04,2023-08-31,2023-07-28,2023-09-02,2023-08-27,2023-07-19,2023-08-31,2023-07-26,2023-09-05,2023-08-24,2023-07-18,Genesis
29658016,2023-08-24,2023-11-23,2023-10-19,2023-09-15,2023-11-14,2023-11-15,2023-11-09,2023-10-20,2023-09-14,2023-11-11,2023-11-18,2023-11-08,Luminary
53225362,2023-01-08,2023-03-26,2023-03-12,2023-01-08,2023-03-20,2023-01-25,2023-02-06,2023-03-10,2023-01-11,2023-03-20,2023-01-28,2023-02-07,Luminary
42692076,2023-07-16,2023-10-15,2023-09-09,2023-08-09,2023-08-17,2023-07-22,2023-09-01,2023-09-12,2023-08-10,2023-08-18,2023-07-24,2023-09-03,Apex
29317701,2023-11-30,2024-02-15,2023-12-25,2023-12-29,2024-02-13,2024-01-08,2024-01-06,2023-12-22,2023-12-30,2024-02-15,2024-01-11,2024-01-08,Luminary
44453794,2023-11-11,2024-01-13,2023-12-18,2023-11-17,2023-11-26,2024-01-12,2023-11-23,2023-12-15,2023-11-15,2023-11-25,2024-01-14,2023-11-26,Odyssey
83872350,2023-04-03,2023-06-05,2023-04-30,2023-05-05,2023-04-08,2023-04-06,2023-05-19,2023-04-29,2023-05-04,2023-04-05,2023-04-04,2023-05-22,Genesis
33216380,2023-06-12,2023-08-07,2023-06-25,2023-07-29,2023-06-19,2023-06-26,2023-07-16,2023-06-26,2023-07-31,2023-06-19,2023-06-23,2023-07-14,Apex
82010900,2023-06-09,2023-09-01,2023-06-12,2023-08-07,2023-07-24,2023-07-16,2023-07-23,2023-06-14,2023-08-04,2023-07-21,2023-07-18,2023-07-24,Genesis
90053670,2023-01-19,2023-03-16,2023-01-28,2023-03-05,2023-02-02,2023-01-20,2023-01-22,2023-01-28,2023-03-05,2023-02-02,2023-01-19,2023-01-20,Endeavor
25400175,2023-08-21,2023-10-23,2023-10-19,2023-09-02,2023-10-21,2023-09-21,2023-08-31,2023-10-18,2023-09-04,2023-10-20,2023-09-24,2023-09-01,Odyssey
69980832,2023-09-29,2023-12-15,2023-11-21,2023-12-01,2023-11-01,2023-10-17,2023-11-05,2023-11-18,2023-11-28,2023-10-30,2023-10-15,2023-11-08,Luminary
74400764,2023-11-01,2024-01-17,2024-01-15,2024-01-15,2023-12-18,2023-11-11,2023-11-06,2024-01-12,2024-01-17,2023-12-15,2023-11-10,2023-11-06,Odyssey
37489745,2023-08-25,2023-11-17,2023-11-01,2023-10-09,2023-10-23,2023-10-25,2023-09-26,2023-11-01,2023-10-09,2023-10-24,2023-10-25,2023-09-26,Odyssey
34363422,2023-09-10,2023-11-12,2023-09-22,2023-11-09,2023-10-08,2023-09-22,2023-10-17,2023-09-20,2023-11-12,2023-10-09,2023-09-19,2023-10-16,Endeavor
90574158,2023-11-07,2024-01-16,2023-12-05,2024-01-12,2023-11-18,2023-12-27,2023-11-25,2023-12-02,2024-01-11,2023-11-20,2023-12-29,2023-11-26,Luminary
58041581,2023-01-15,2023-03-26,2023-02-22,2023-02-27,2023-02-20,2023-02-02,2023-02-28,2023-02-23,2023-03-01,2023-02-19,2023-01-30,2023-02-26,Luminary
91232988,2023-05-19,2023-07-28,2023-07-19,2023-05-26,2023-05-23,2023-05-22,2023-07-05,2023-07-20,2023-05-23,2023-05-20,2023-05-20,2023-07-04,Apex
43430103,2023-04-10,2023-06-05,2023-04-12,2023-05-30,2023-06-04,2023-06-04,2023-04-30,2023-04-15,2023-05-28,2023-06-07,2023-06-03,2023-04-29,Apex
21917949,2023-03-31,2023-06-02,2023-04-09,2023-05-30,2023-05-18,2023-05-20,2023-05-10,2023-04-06,2023-05-27,2023-05-18,2023-05-22,2023-05-10,Genesis
82587381,2023-07-16,2023-09-10,2023-08-14,2023-07-27,2023-07-30,2023-08-26,2023-09-08,2023-08-12,2023-07-27,2023-07-31,2023-08-28,2023-09-06,Luminary
76670403,2023-06-13,2023-08-29,2023-06-21,2023-06-23,2023-07-23,2023-06-19,2023-06-22,2023-06-22,2023-06-26,2023-07-25,2023-06-22,2023-06-21,Odyssey
38224568,2023-06-11,2023-07-30,2023-06-26,2023-06-13,2023-07-24,2023-07-22,2023-07-21,2023-06-26,2023-06-16,2023-07-26,2023-07-19,2023-07-21,Odyssey
49425508,2023-01-12,2023-03-02,2023-03-01,2023-02-12,2023-02-05,2023-01-19,2023-02-15,2023-03-01,2023-02-09,2023-02-08,2023-01-18,2023-02-16,Luminary
62302481,2023-01-28,2023-04-08,2023-02-08,2023-03-03,2023-04-05,2023-01-30,2023-03-02,2023-02-09,2023-03-03,2023-04-07,2023-02-01,2023-03-02,Odyssey
46699419,2023-05-16,2023-07-18,2023-06-02,2023-05-16,2023-06-07,2023-06-20,2023-05-22,2023-05-30,2023-05-16,2023-06-04,2023-06-19,2023-05-20,Odyssey
78685357,2023-08-20,2023-11-19,2023-11-14,2023-09-02,2023-09-09,2023-08-20,2023-09-08,2023-11-15,2023-09-02,2023-09-12,2023-08-22,2023-09-07,Luminary
37116606,2023-09-13,2023-11-01,2023-09-24,2023-09-13,2023-10-11,2023-10-18,2023-09-15,2023-09-24,2023-09-16,2023-10-08,2023-10-16,2023-09-15,Horizon
57506181,2023-08-23,2023-11-08,2023-09-14,2023-09-05,2023-09-10,2023-10-06,2023-09-02,2023-09-14,2023-09-06,2023-09-07,2023-10-06,2023-09-05,Apex
64588082,2023-07-05,2023-09-06,2023-08-07,2023-07-30,2023-07-17,2023-07-07,2023-07-25,2023-08-09,2023-07-29,2023-07-15,2023-07-06,2023-07-28,Odyssey
52322162,2023-05-21,2023-07-16,2023-06-22,2023-07-05,2023-06-18,2023-06-18,2023-07-13,2023-06-19,2023-07-06,2023-06-20,2023-06-15,2023-07-14,Odyssey
12783275,2023-09-04,2023-11-20,2023-10-05,2023-09-21,2023-10-31,2023-09-11,2023-09-13,2023-10-03,2023-09-24,2023-10-30,2023-09-10,2023-09-15,Luminary
15815287,2023-07-27,2023-10-26,2023-09-21,2023-08-25,2023-08-11,2023-09-01,2023-10-22,2023-09-23,2023-08-28,2023-08-09,2023-08-30,2023-10-19,Luminary
35781921,2023-02-27,2023-04-24,2023-03-11,2023-03-20,2023-03-29,2023-04-17,2023-03-22,2023-03-10,2023-03-18,2023-03-27,2023-04-18,2023-03-20,Odyssey
36441012,2023-04-02,2023-07-02,2023-06-14,2023-04-19,2023-04-30,2023-05-08,2023-05-12,2023-06-17,2023-04-21,2023-04-27,2023-05-06,2023-05-15,Luminary
91056437,2023-09-15,2023-12-08,2023-09-19,2023-12-07,2023-09-27,2023-11-12,2023-09-16,2023-09-19,2023-12-07,2023-09-30,2023-11-13,2023-09-19,Endeavor
31951931,2023-06-02,2023-08-18,2023-06-09,2023-08-09,2023-06-09,2023-06-14,2023-07-12,2023-06-09,2023-08-11,2023-06-10,2023-06-16,2023-07-14,Odyssey
84788636,2023-04-27,2023-07-13,2023-06-19,2023-06-06,2023-07-07,2023-05-10,2023-06-23,2023-06-18,2023-06-09,2023-07-09,2023-05-09,2023-06-21,Luminary
71516527,2023-06-13,2023-08-22,2023-07-11,2023-08-13,2023-07-17,2023-06-21,2023-07-07,2023-07-08,2023-08-13,2023-07-17,2023-06-23,2023-07-06,Odyssey
20862987,2023-06-22,2023-09-21,2023-08-22,2023-07-27,2023-08-22,2023-08-12,2023-06-27,2023-08-21,2023-07-28,2023-08-19,2023-08-11,2023-06-28,Luminary
43669119,2023-05-27,2023-07-15,2023-07-05,2023-05-27,2023-07-06,2023-06-27,2023-07-08,2023-07-04,2023-05-27,2023-07-06,2023-06-24,2023-07-05,Luminary
77306661,2023-03-21,2023-05-23,2023-04-26,2023-04-18,2023-05-05,2023-03-29,2023-04-08,2023-04-29,2023-04-17,2023-05-02,2023-03-31,2023-04-11,Odyssey
48623277,2023-11-06,2024-02-05,2023-11-16,2023-12-02,2023-11-16,2023-12-30,2024-01-03,2023-11-13,2023-12-03,2023-11-17,2023-12-31,2024-01-03,Genesis
75289005,2023-09-25,2023-12-04,2023-10-09,2023-12-02,2023-11-07,2023-11-02,2023-10-12,2023-10-10,2023-12-03,2023-11-10,2023-11-04,2023-10-09,Luminary
66341640,2023-10-26,2024-01-04,2023-12-05,2023-12-06,2023-11-11,2023-11-19,2023-12-09,2023-12-08,2023-12-07,2023-11-13,2023-11-17,2023-12-08,Apex
52168702,2023-05-13,2023-07-29,2023-07-02,2023-05-26,2023-06-16,2023-06-26,2023-07-13,2023-07-02,2023-05-27,2023-06-14,2023-06-23,2023-07-13,Apex
61723246,2023-09-05,2023-10-24,2023-09-13,2023-10-21,2023-09-24,2023-10-03,2023-09-05,2023-09-16,2023-10-24,2023-09-23,2023-10-05,2023-09-02,Apex
17308494,2023-11-19,2024-02-04,2024-01-25,2024-01-01,2024-01-18,2024-01-02,2023-11-19,2024-01-27,2023-12-30,2024-01-15,2023-12-31,2023-11-21,Genesis
25439623,2023-03-26,2023-06-04,2023-04-23,2023-04-06,2023-05-26,2023-04-24,2023-05-17,2023-04-23,2023-04-07,2023-05-27,2023-04-25,2023-05-15,Apex
17881345,2023-08-25,2023-10-27,2023-09-09,2023-10-05,2023-10-09,2023-09-02,2023-10-12,2023-09-08,2023-10-04,2023-10-09,2023-09-02,2023-10-15,Luminary
54915222,2023-10-23,2023-12-25,2023-11-14,2023-12-14,2023-12-01,2023-11-19,2023-12-23,2023-11-16,2023-12-15,2023-11-28,2023-11-22,2023-12-25,Luminary
31436304,2023-01-09,2023-04-03,2023-01-20,2023-02-04,2023-03-14,2023-01-12,2023-01-09,2023-01-19,2023-02-01,2023-03-13,2023-01-09,2023-01-10,Genesis
45718961,2023-04-10,2023-07-03,2023-05-18,2023-05-31,2023-06-05,2023-06-17,2023-05-18,2023-05-18,2023-05-30,2023-06-04,2023-06-19,2023-05-21,Odyssey
92542349,2023-06-22,2023-09-14,2023-07-01,2023-09-02,2023-07-16,2023-07-26,2023-07-19,2023-07-02,2023-09-05,2023-07-14,2023-07-25,2023-07-16,Luminary
84998283,2023-12-05,2024-02-20,2024-02-16,2024-02-08,2023-12-24,2024-01-31,2023-12-13,2024-02-18,2024-02-06,2023-12-23,2024-01-30,2023-12-15,Apex
68803925,2023-01-14,2023-04-08,2023-01-20,2023-03-31,2023-02-08,2023-02-12,2023-03-06,2023-01-22,2023-03-31,2023-02-06,2023-02-13,2023-03-08,Luminary
51457030,2023-05-13,2023-07-01,2023-05-24,2023-06-06,2023-05-28,2023-05-19,2023-06-22,2023-05-23,2023-06-07,2023-05-28,2023-05-21,2023-06-25,Endeavor
83545493,2023-12-01,2024-02-02,2023-12-29,2023-12-28,2024-01-20,2023-12-14,2024-01-25,2024-01-01,2023-12-26,2024-01-22,2023-12-16,2024-01-28,Luminary
65682557,2023-07-23,2023-10-15,2023-09-21,2023-08-12,2023-09-12,2023-08-02,2023-08-31,2023-09-23,2023-08-13,2023-09-09,2023-08-04,2023-09-02,Apex
74654693,2023-09-04,2023-11-13,2023-10-26,2023-10-13,2023-10-01,2023-10-02,2023-10-16,2023-10-27,2023-10-12,2023-09-28,2023-10-01,2023-10-15,Apex
60328416,2023-05-25,2023-07-20,2023-07-19,2023-06-07,2023-06-09,2023-06-05,2023-06-05,2023-07-17,2023-06-06,2023-06-12,2023-06-05,2023-06-03,Luminary
39579278,2023-05-29,2023-07-24,2023-07-06,2023-07-13,2023-06-11,2023-07-22,2023-06-27,2023-07-04,2023-07-11,2023-06-08,2023-07-21,2023-06-30,Horizon
22035146,2023-05-18,2023-08-17,2023-07-18,2023-07-02,2023-07-29,2023-06-27,2023-06-08,2023-07-15,2023-07-03,2023-08-01,2023-06-28,2023-06-11,Endeavor
20761222,2023-07-05,2023-09-27,2023-08-21,2023-09-10,2023-08-22,2023-08-04,2023-08-21,2023-08-22,2023-09-07,2023-08-24,2023-08-03,2023-08-24,Genesis
94308698,2023-09-11,2023-11-27,2023-09-16,2023-10-24,2023-10-10,2023-09-24,2023-11-22,2023-09-14,2023-10-25,2023-10-10,2023-09-22,2023-11-20,Endeavor
22246946,2023-07-12,2023-09-06,2023-07-17,2023-08-01,2023-07-14,2023-08-15,2023-08-26,2023-07-20,2023-08-03,2023-07-17,2023-08-16,2023-08-29,Odyssey
77931743,2023-06-01,2023-07-27,2023-06-01,2023-07-22,2023-06-07,2023-06-08,2023-07-09,2023-06-03,2023-07-22,2023-06-04,2023-06-08,2023-07-08,Apex
12352811,2023-01-03,2023-03-28,2023-02-07,2023-01-06,2023-01-14,2023-03-04,2023-01-03,2023-02-09,2023-01-04,2023-01-14,2023-03-05,2023-01-02,Luminary
98598416,2023-04-15,2023-07-15,2023-07-08,2023-06-16,2023-06-21,2023-05-13,2023-06-24,2023-07-10,2023-06-19,2023-06-21,2023-05-11,2023-06-25,Apex
88185039,2023-03-30,2023-05-25,2023-04-12,2023-05-24,2023-04-26,2023-04-17,2023-04-09,2023-04-11,2023-05-27,2023-04-29,2023-04-17,2023-04-12,Odyssey
78862894,2023-06-18,2023-08-13,2023-08-01,2023-07-20,2023-07-25,2023-07-04,2023-07-20,2023-07-31,2023-07-22,2023-07-26,2023-07-04,2023-07-20,Luminary
54416826,2023-06-13,2023-09-12,2023-08-14,2023-09-08,2023-08-18,2023-07-25,2023-06-27,2023-08-13,2023-09-11,2023-08-18,2023-07-26,2023-06-28,Luminary
90077155,2023-06-23,2023-09-01,2023-08-30,2023-07-07,2023-08-12,2023-07-23,2023-07-05,2023-08-28,2023-07-10,2023-08-10,2023-07-26,2023-07-06,Apex
22853438,2023-03-23,2023-05-18,2023-04-10,2023-05-05,2023-04-25,2023-04-29,2023-05-03,2023-04-13,2023-05-04,2023-04-22,2023-05-01,2023-05-03,Apex
85633384,2023-11-10,2024-02-09,2023-12-27,2023-12-17,2024-01-19,2023-12-01,2024-01-26,2023-12-26,2023-12-18,2024-01-16,2023-12-03,2024-01-29,Endeavor
41531237,2023-03-18,2023-06-03,2023-04-29,2023-04-06,2023-05-13,2023-05-25,2023-03-22,2023-05-02,2023-04-03,2023-05-12,2023-05-22,2023-03-25,Luminary
12710786,2023-05-31,2023-07-26,2023-06-03,2023-06-22,2023-06-08,2023-06-18,2023-07-05,2023-06-02,2023-06-22,2023-06-09,2023-06-16,2023-07-08,Odyssey
15536416,2023-01-23,2023-04-03,2023-03-25,2023-03-29,2023-02-08,2023-02-14,2023-03-23,2023-03-22,2023-03-27,2023-02-11,2023-02-14,2023-03-22,Horizon
22814473,2023-04-26,2023-06-14,2023-05-04,2023-05-23,2023-05-30,2023-06-04,2023-06-09,2023-05-04,2023-05-20,2023-05-30,2023-06-05,2023-06-08,Horizon
51887905,2023-01-21,2023-03-18,2023-03-12,2023-03-15,2023-03-03,2023-03-06,2023-03-09,2023-03-12,2023-03-12,2023-03-02,2023-03-04,2023-03-06,Luminary
22278024,2023-04-09,2023-06-11,2023-05-25,2023-04-29,2023-05-11,2023-05-04,2023-04-13,2023-05-22,2023-05-02,2023-05-13,2023-05-06,2023-04-12,Apex
88932602,2023-01-18,2023-04-19,2023-01-23,2023-02-02,2023-02-20,2023-01-18,2023-02-15,2023-01-21,2023-01-31,2023-02-17,2023-01-17,2023-02-18,Luminary
62532223,2023-09-12,2023-11-21,2023-09-12,2023-09-25,2023-09-18,2023-10-23,2023-11-17,2023-09-14,2023-09-28,2023-09-16,2023-10-26,2023-11-19,Endeavor
27232623,2023-03-28,2023-06-06,2023-05-26,2023-05-05,2023-05-21,2023-04-18,2023-05-11,2023-05-26,2023-05-06,2023-05-18,2023-04-15,2023-05-08,Luminary
87278276,2023-03-16,2023-05-18,2023-04-17,2023-05-14,2023-03-25,2023-05-13,2023-03-24,2023-04-15,2023-05-17,2023-03-23,2023-05-14,2023-03-26,Genesis
92022671,2023-11-05,2024-01-21,2023-12-05,2023-12-06,2023-12-27,2023-12-19,2023-12-06,2023-12-06,2023-12-06,2023-12-24,2023-12-22,2023-12-05,Luminary
81298849,2023-04-10,2023-06-05,2023-04-12,2023-05-30,2023-04-14,2023-04-28,2023-05-15,2023-04-11,2023-05-27,2023-04-11,2023-04-26,2023-05-15,Luminary
36553127,2023-02-01,2023-04-26,2023-02-21,2023-03-23,2023-03-06,2023-02-19,2023-04-23,2023-02-24,2023-03-24,2023-03-06,2023-02-16,2023-04-20,Genesis
47275401,2023-03-20,2023-06-19,2023-04-13,2023-05-24,2023-05-29,2023-05-30,2023-04-18,2023-04-13,2023-05-25,2023-05-30,2023-05-27,2023-04-20,Luminary
49659183,2023-05-02,2023-07-18,2023-06-21,2023-06-08,2023-05-26,2023-06-17,2023-06-04,2023-06-22,2023-06-06,2023-05-28,2023-06-15,2023-06-03,Genesis
31306524,2023-12-05,2024-02-13,2024-02-12,2023-12-28,2023-12-09,2024-01-03,2024-01-27,2024-02-09,2023-12-29,2023-12-08,2024-01-01,2024-01-28,Apex
34656296,2023-01-29,2023-04-09,2023-01-29,2023-03-14,2023-03-18,2023-03-12,2023-02-02,2023-01-27,2023-03-16,2023-03-20,2023-03-09,2023-02-03,Genesis
89238652,2023-11-11,2024-01-13,2023-12-21,2023-12-28,2023-12-25,2023-12-23,2023-11-22,2023-12-18,2023-12-29,2023-12-26,2023-12-24,2023-11-25,Apex
40335328,2023-02-03,2023-04-21,2023-02-10,2023-02-26,2023-02-12,2023-04-18,2023-02-17,2023-02-11,2023-02-23,2023-02-12,2023-04-21,2023-02-17,Odyssey
28375029,2023-06-10,2023-07-29,2023-06-30,2023-07-22,2023-06-17,2023-07-21,2023-07-18,2023-07-02,2023-07-22,2023-06-16,2023-07-20,2023-07-20,Luminary
27461383,2023-01-16,2023-03-06,2023-02-02,2023-02-09,2023-03-04,2023-02-06,2023-01-28,2023-02-01,2023-02-12,2023-03-01,2023-02-05,2023-01-26,Endeavor
40643507,2023-11-23,2024-02-15,2023-12-20,2023-12-27,2023-12-24,2024-01-04,2023-12-03,2023-12-22,2023-12-29,2023-12-21,2024-01-07,2023-12-04,Odyssey
44611964,2023-08-05,2023-10-28,2023-09-01,2023-10-03,2023-09-26,2023-10-20,2023-08-24,2023-09-04,2023-10-02,2023-09-24,2023-10-17,2023-08-23,Luminary
76572916,2023-10-04,2023-12-20,2023-11-01,2023-12-18,2023-11-15,2023-11-22,2023-12-01,2023-10-31,2023-12-21,2023-11-17,2023-11-20,2023-12-04,Luminary
50733617,2023-06-29,2023-09-28,2023-08-20,2023-08-29,2023-07-24,2023-07-25,2023-07-21,2023-08-22,2023-08-29,2023-07-26,2023-07-25,2023-07-23,Apex
29497629,2023-01-07,2023-03-04,2023-01-18,2023-01-16,2023-01-23,2023-02-16,2023-01-31,2023-01-21,2023-01-14,2023-01-20,2023-02-18,2023-02-03,Luminary
92706377,2023-03-26,2023-06-04,2023-04-22,2023-05-29,2023-03-26,2023-05-16,2023-05-15,2023-04-19,2023-05-28,2023-03-24,2023-05-13,2023-05-18,Apex
46414747,2023-06-16,2023-08-11,2023-06-20,2023-06-27,2023-07-23,2023-07-12,2023-06-27,2023-06-17,2023-06-26,2023-07-22,2023-07-13,2023-06-27,Endeavor
37438991,2023-10-14,2024-01-13,2023-12-07,2023-11-17,2023-11-05,2023-12-18,2023-12-22,2023-12-08,2023-11-17,2023-11-04,2023-12-15,2023-12-25,Endeavor
20527717,2023-10-01,2023-12-24,2023-11-23,2023-12-04,2023-10-28,2023-10-22,2023-12-11,2023-11-21,2023-12-03,2023-10-27,2023-10-25,2023-12-14,Horizon
28300786,2023-11-20,2024-01-08,2023-12-13,2023-11-26,2023-12-19,2023-12-21,2023-12-12,2023-12-16,2023-11-28,2023-12-18,2023-12-20,2023-12-09,Luminary
99099003,2023-05-25,2023-08-24,2023-07-25,2023-07-10,2023-06-21,2023-07-20,2023-06-10,2023-07-24,2023-07-10,2023-06-21,2023-07-22,2023-06-10,Genesis
64620672,2023-02-23,2023-05-04,2023-02-24,2023-04-17,2023-04-13,2023-03-26,2023-03-30,2023-02-23,2023-04-15,2023-04-13,2023-03-28,2023-03-30,Endeavor
34427235,2023-08-16,2023-10-18,2023-10-16,2023-08-18,2023-08-28,2023-09-23,2023-08-31,2023-10-19,2023-08-19,2023-08-27,2023-09-26,2023-08-28,Odyssey
36692539,2023-03-10,2023-06-02,2023-04-28,2023-03-17,2023-03-23,2023-05-23,2023-03-30,2023-04-28,2023-03-14,2023-03-23,2023-05-24,2023-04-02,Luminary
89025832,2023-10-31,2023-12-26,2023-12-18,2023-12-25,2023-11-20,2023-11-22,2023-11-12,2023-12-19,2023-12-24,2023-11-19,2023-11-19,2023-11-09,Apex
12307947,2023-11-13,2024-01-15,2023-12-05,2023-12-20,2023-12-17,2024-01-11,2024-01-09,2023-12-07,2023-12-19,2023-12-16,2024-01-11,2024-01-10,Luminary
57170643,2023-02-21,2023-05-16,2023-04-23,2023-04-10,2023-03-03,2023-04-21,2023-05-12,2023-04-23,2023-04-08,2023-03-05,2023-04-21,2023-05-11,Apex
82185264,2023-01-11,2023-03-22,2023-03-03,2023-03-09,2023-02-14,2023-02-27,2023-02-24,2023-02-28,2023-03-11,2023-02-17,2023-02-26,2023-02-25,Luminary
98381105,2023-04-30,2023-07-09,2023-05-01,2023-05-21,2023-06-22,2023-07-02,2023-05-15,2023-04-30,2023-05-23,2023-06-25,2023-06-29,2023-05-12,Horizon
74389939,2023-09-14,2023-12-07,2023-11-01,2023-12-01,2023-11-24,2023-10-30,2023-11-06,2023-11-03,2023-12-01,2023-11-23,2023-10-31,2023-11-09,Odyssey
26937792,2023-05-02,2023-07-25,2023-07-09,2023-07-23,2023-05-09,2023-05-27,2023-05-15,2023-07-11,2023-07-21,2023-05-06,2023-05-25,2023-05-18,Luminary
46353131,2023-08-23,2023-11-08,2023-10-01,2023-10-30,2023-09-10,2023-09-22,2023-11-07,2023-10-03,2023-11-02,2023-09-10,2023-09-19,2023-11-05,Endeavor
20947230,2023-04-24,2023-06-12,2023-05-31,2023-04-29,2023-05-14,2023-04-27,2023-05-24,2023-05-29,2023-05-02,2023-05-16,2023-04-26,2023-05-23,Endeavor
92939663,2023-10-10,2023-12-19,2023-11-03,2023-11-12,2023-11-21,2023-12-13,2023-12-13,2023-11-04,2023-11-09,2023-11-22,2023-12-11,2023-12-15,Apex
47482816,2023-09-13,2023-11-22,2023-10-04,2023-10-08,2023-10-16,2023-11-17,2023-09-28,2023-10-03,2023-10-07,2023-10-16,2023-11-20,2023-09-25,Odyssey
90413414,2023-04-29,2023-07-15,2023-04-30,2023-06-02,2023-06-23,2023-06-20,2023-05-04,2023-04-28,2023-06-03,2023-06-22,2023-06-20,2023-05-03,Apex
39604927,2023-10-12,2024-01-04,2023-12-12,2023-10-26,2023-11-15,2023-10-14,2023-11-28,2023-12-11,2023-10-24,2023-11-12,2023-10-11,2023-11-30,Horizon
10546335,2023-09-01,2023-10-27,2023-09-06,2023-09-03,2023-09-24,2023-09-05,2023-09-02,2023-09-06,2023-09-04,2023-09-24,2023-09-06,2023-08-30,Luminary
29250849,2023-03-29,2023-05-31,2023-04-29,2023-04-04,2023-04-04,2023-05-01,2023-05-09,2023-05-02,2023-04-03,2023-04-06,2023-05-01,2023-05-07,Luminary
37800791,2023-02-22,2023-05-10,2023-03-15,2023-04-06,2023-04-05,2023-03-07,2023-03-28,2023-03-14,2023-04-08,2023-04-05,2023-03-05,2023-03-25,Luminary
87508377,2023-05-02,2023-06-27,2023-05-19,2023-06-02,2023-06-10,2023-06-08,2023-05-02,2023-05-22,2023-05-30,2023-06-10,2023-06-06,2023-05-04,Odyssey
10452933,2023-06-08,2023-08-17,2023-07-03,2023-07-29,2023-07-29,2023-08-13,2023-08-15,2023-06-30,2023-08-01,2023-07-31,2023-08-16,2023-08-14,Luminary
66129512,2023-06-29,2023-09-21,2023-09-10,2023-07-03,2023-08-22,2023-07-10,2023-08-07,2023-09-09,2023-07-05,2023-08-19,2023-07-11,2023-08-08,Genesis
27066660,2023-06-01,2023-08-03,2023-06-17,2023-06-01,2023-07-19,2023-06-14,2023-07-31,2023-06-16,2023-06-04,2023-07-17,2023-06-16,2023-08-02,Apex
29525198,2023-12-04,2024-02-26,2024-02-06,2024-01-22,2024-02-23,2024-02-13,2024-02-09,2024-02-08,2024-01-20,2024-02-26,2024-02-12,2024-02-10,Horizon
75091129,2023-02-27,2023-04-24,2023-03-06,2023-03-31,2023-03-22,2023-03-16,2023-03-22,2023-03-03,2023-03-29,2023-03-25,2023-03-14,2023-03-20,Luminary
82283089,2023-01-09,2023-04-10,2023-03-28,2023-04-06,2023-01-25,2023-03-22,2023-03-26,2023-03-28,2023-04-03,2023-01-24,2023-03-23,2023-03-27,Luminary
15511553,2023-11-22,2024-01-24,2024-01-15,2023-12-08,2023-11-29,2024-01-02,2024-01-19,2024-01-15,2023-12-11,2023-11-30,2023-12-31,2024-01-20,Luminary
77554578,2023-02-10,2023-03-31,2023-03-26,2023-02-24,2023-02-13,2023-03-06,2023-03-15,2023-03-23,2023-02-23,2023-02-13,2023-03-08,2023-03-17,Odyssey
52781415,2023-11-09,2024-01-18,2023-12-15,2023-11-11,2024-01-08,2023-11-12,2023-12-27,2023-12-16,2023-11-11,2024-01-11,2023-11-12,2023-12-30,Odyssey
39526335,2023-02-04,2023-04-22,2023-03-10,2023-03-04,2023-04-10,2023-02-18,2023-03-20,2023-03-07,2023-03-02,2023-04-09,2023-02-20,2023-03-17,Odyssey
99900327,2023-04-02,2023-06-11,2023-05-21,2023-05-06,2023-04-17,2023-05-11,2023-05-04,2023-05-21,2023-05-08,2023-04-18,2023-05-10,2023-05-02,Luminary
33408518,2023-04-15,2023-07-15,2023-07-01,2023-06-01,2023-05-23,2023-04-16,2023-05-15,2023-07-04,2023-06-02,2023-05-25,2023-04-17,2023-05-13,Luminary
71287267,2023-07-25,2023-10-24,2023-10-20,2023-08-21,2023-09-16,2023-09-08,2023-07-28,2023-10-18,2023-08-21,2023-09-17,2023-09-11,2023-07-25,Luminary
52494090,2023-10-28,2024-01-27,2023-12-18,2023-12-22,2023-12-20,2023-11-22,2024-01-26,2023-12-15,2023-12-23,2023-12-18,2023-11-21,2024-01-24,Luminary
99142490,2023-09-24,2023-11-19,2023-09-27,2023-11-07,2023-11-01,2023-10-05,2023-11-02,2023-09-26,2023-11-09,2023-10-30,2023-10-04,2023-11-03,Odyssey
69403309,2023-05-15,2023-07-17,2023-07-02,2023-05-19,2023-05-17,2023-06-10,2023-05-18,2023-07-05,2023-05-16,2023-05-16,2023-06-08,2023-05-20,Genesis
41063707,2023-04-09,2023-06-25,2023-06-14,2023-06-14,2023-06-04,2023-06-16,2023-06-23,2023-06-13,2023-06-12,2023-06-06,2023-06-15,2023-06-24,Luminary
97128622,2023-04-23,2023-07-09,2023-06-28,2023-07-05,2023-05-13,2023-07-06,2023-06-13,2023-06-25,2023-07-06,2023-05-15,2023-07-04,2023-06-14,Luminary
95542106,2023-07-20,2023-10-05,2023-08-22,2023-08-26,2023-08-13,2023-08-09,2023-07-31,2023-08-20,2023-08-24,2023-08-15,2023-08-10,2023-08-02,Apex
46955735,2023-08-08,2023-10-24,2023-09-08,2023-08-31,2023-10-03,2023-10-12,2023-10-16,2023-09-07,2023-09-03,2023-10-04,2023-10-09,2023-10-19,Apex
35332987,2023-07-26,2023-10-25,2023-09-30,2023-10-19,2023-08-29,2023-08-10,2023-10-22,2023-09-27,2023-10-16,2023-08-26,2023-08-12,2023-10-25,Genesis
23473196,2023-12-04,2024-02-19,2023-12-18,2024-01-05,2024-02-14,2023-12-04,2024-01-29,2023-12-17,2024-01-07,2024-02-12,2023-12-07,2024-01-30,Horizon
56949458,2023-11-14,2024-01-23,2023-11-18,2024-01-07,2023-11-29,2023-12-17,2023-12-19,2023-11-19,2024-01-09,2023-11-26,2023-12-17,2023-12-21,Luminary
75785951,2023-04-24,2023-07-10,2023-06-23,2023-05-22,2023-05-25,2023-06-11,2023-07-09,2023-06-22,2023-05-24,2023-05-24,2023-06-11,2023-07-07,Luminary
46528299,2023-06-06,2023-09-05,2023-08-03,2023-07-17,2023-06-22,2023-06-06,2023-08-21,2023-08-06,2023-07-19,2023-06-22,2023-06-05,2023-08-21,Luminary
57328568,2023-02-24,2023-04-14,2023-02-28,2023-04-07,2023-03-08,2023-03-29,2023-02-24,2023-03-02,2023-04-04,2023-03-06,2023-03-29,2023-02-24,Luminary
82295886,2023-10-08,2023-12-17,2023-11-23,2023-12-11,2023-12-11,2023-11-02,2023-12-06,2023-11-23,2023-12-09,2023-12-10,2023-11-03,2023-12-04,Luminary
89004913,2023-03-14,2023-05-16,2023-03-20,2023-05-06,2023-04-24,2023-04-10,2023-03-30,2023-03-23,2023-05-08,2023-04-23,2023-04-12,2023-04-02,Odyssey
47946542,2023-07-25,2023-09-26,2023-08-10,2023-07-31,2023-09-25,2023-08-09,2023-09-19,2023-08-10,2023-07-29,2023-09-28,2023-08-08,2023-09-20,Odyssey
39242362,2023-02-12,2023-04-30,2023-04-01,2023-04-14,2023-04-05,2023-04-11,2023-03-21,2023-03-29,2023-04-13,2023-04-03,2023-04-11,2023-03-18,Odyssey
48351184,2023-10-21,2023-12-23,2023-12-02,2023-11-15,2023-11-20,2023-11-17,2023-10-22,2023-12-02,2023-11-13,2023-11-18,2023-11-14,2023-10-19,Luminary
84137939,2023-06-16,2023-08-18,2023-07-13,2023-07-11,2023-08-07,2023-08-06,2023-08-08,2023-07-13,2023-07-14,2023-08-08,2023-08-06,2023-08-06,Endeavor
62675868,2023-05-04,2023-08-03,2023-06-06,2023-05-22,2023-07-11,2023-07-18,2023-06-14,2023-06-04,2023-05-25,2023-07-10,2023-07-19,2023-06-16,Luminary
18788125,2023-11-04,2024-01-06,2023-11-17,2023-11-04,2023-12-23,2023-11-19,2023-12-28,2023-11-15,2023-11-07,2023-12-21,2023-11-19,2023-12-29,Luminary
33515048,2023-05-30,2023-08-08,2023-07-04,2023-07-14,2023-06-02,2023-07-23,2023-07-08,2023-07-04,2023-07-13,2023-06-02,2023-07-20,2023-07-05,Luminary
60407772,2023-09-05,2023-11-14,2023-11-03,2023-09-27,2023-09-06,2023-10-10,2023-10-26,2023-11-04,2023-09-27,2023-09-04,2023-10-08,2023-10-27,Apex
25273331,2023-03-03,2023-05-05,2023-03-21,2023-05-03,2023-04-06,2023-05-02,2023-04-20,2023-03-18,2023-04-30,2023-04-05,2023-05-02,2023-04-21,Apex
89188022,2023-01-08,2023-04-09,2023-03-19,2023-03-20,2023-02-01,2023-03-04,2023-04-04,2023-03-21,2023-03-22,2023-02-01,2023-03-03,2023-04-05,Genesis
97469913,2023-04-05,2023-05-24,2023-05-01,2023-04-22,2023-05-15,2023-04-12,2023-05-18,2023-05-04,2023-04-19,2023-05-15,2023-04-10,2023-05-17,Luminary
22778351,2023-04-02,2023-06-25,2023-06-13,2023-06-10,2023-05-15,2023-06-24,2023-05-21,2023-06-12,2023-06-13,2023-05-15,2023-06-23,2023-05-18,Horizon
79378213,2023-11-10,2024-01-19,2024-01-17,2023-11-19,2023-11-28,2023-11-25,2023-12-22,2024-01-14,2023-11-20,2023-11-29,2023-11-23,2023-12-21,Luminary
28586386,2023-01-26,2023-04-13,2023-03-08,2023-03-28,2023-03-05,2023-02-21,2023-02-19,2023-03-07,2023-03-25,2023-03-05,2023-02-22,2023-02-19,Apex
71849604,2023-06-19,2023-09-18,2023-09-12,2023-08-31,2023-09-02,2023-07-23,2023-08-17,2023-09-13,2023-08-30,2023-09-05,2023-07-24,2023-08-19,Apex
29351576,2023-05-08,2023-07-24,2023-05-16,2023-06-06,2023-05-10,2023-06-24,2023-05-09,2023-05-13,2023-06-04,2023-05-07,2023-06-24,2023-05-08,Odyssey
66714373,2023-10-24,2024-01-23,2023-11-17,2023-11-12,2024-01-06,2023-12-01,2023-11-30,2023-11-16,2023-11-13,2024-01-05,2023-12-04,2023-11-28,Luminary
45111049,2023-06-19,2023-08-14,2023-07-26,2023-06-22,2023-08-03,2023-07-23,2023-08-13,2023-07-27,2023-06-23,2023-08-03,2023-07-24,2023-08-10,Apex
81961816,2023-02-19,2023-04-09,2023-03-18,2023-03-22,2023-02-21,2023-03-29,2023-04-05,2023-03-15,2023-03-20,2023-02-23,2023-03-28,2023-04-08,Odyssey
36183434,2023-07-22,2023-09-30,2023-08-04,2023-07-26,2023-07-29,2023-09-14,2023-08-24,2023-08-05,2023-07-26,2023-07-27,2023-09-15,2023-08-25,Luminary
33842719,2023-05-21,2023-07-16,2023-05-21,2023-05-27,2023-06-08,2023-05-31,2023-07-12,2023-05-20,2023-05-28,2023-06-07,2023-05-29,2023-07-12,Luminary
19184967,2023-07-02,2023-09-17,2023-07-06,2023-08-01,2023-07-04,2023-08-01,2023-08-09,2023-07-08,2023-08-04,2023-07-03,2023-08-02,2023-08-08,Endeavor
45575825,2023-02-18,2023-05-06,2023-05-03,2023-04-20,2023-03-16,2023-03-29,2023-04-24,2023-05-06,2023-04-21,2023-03-17,2023-03-29,2023-04-26,Horizon
69122080,2023-02-25,2023-05-13,2023-04-23,2023-03-11,2023-04-05,2023-03-26,2023-04-15,2023-04-22,2023-03-11,2023-04-08,2023-03-23,2023-04-14,Luminary
53896113,2023-01-24,2023-03-28,2023-02-08,2023-02-05,2023-02-06,2023-03-11,2023-03-27,2023-02-10,2023-02-02,2023-02-06,2023-03-12,2023-03-26,Odyssey
60488350,2023-10-06,2024-01-05,2023-12-19,2023-12-15,2023-10-10,2023-12-15,2023-12-24,2023-12-21,2023-12-18,2023-10-12,2023-12-17,2023-12-21,Apex
78702492,2023-07-21,2023-10-06,2023-07-25,2023-09-12,2023-09-26,2023-10-01,2023-09-26,2023-07-25,2023-09-11,2023-09-28,2023-10-04,2023-09-29,Genesis
16880389,2023-09-03,2023-11-19,2023-10-10,2023-09-20,2023-10-06,2023-10-29,2023-09-11,2023-10-11,2023-09-18,2023-10-08,2023-10-26,2023-09-12,Genesis
56214295,2023-02-01,2023-04-12,2023-03-27,2023-02-17,2023-02-26,2023-02-20,2023-02-26,2023-03-25,2023-02-18,2023-02-28,2023-02-22,2023-02-27,Genesis
62347548,2023-05-08,2023-08-07,2023-07-15,2023-07-15,2023-06-01,2023-07-22,2023-06-02,2023-07-18,2023-07-15,2023-05-30,2023-07-25,2023-06-04,Luminary
61533817,2023-07-20,2023-09-14,2023-09-02,2023-08-04,2023-09-01,2023-09-11,2023-08-03,2023-08-30,2023-08-05,2023-09-03,2023-09-08,2023-08-01,Odyssey
83763072,2023-01-15,2023-03-05,2023-02-01,2023-01-18,2023-02-14,2023-01-21,2023-02-02,2023-02-01,2023-01-17,2023-02-14,2023-01-19,2023-02-02,Luminary
26893511,2023-09-09,2023-12-02,2023-11-24,2023-10-23,2023-11-07,2023-10-02,2023-11-26,2023-11-22,2023-10-23,2023-11-08,2023-10-05,2023-11-27,Luminary
82623273,2023-06-28,2023-09-06,2023-08-17,2023-07-13,2023-09-04,2023-07-30,2023-08-30,2023-08-20,2023-07-16,2023-09-06,2023-08-01,2023-08-27,Endeavor
86401020,2023-02-22,2023-05-17,2023-04-09,2023-05-07,2023-04-16,2023-02-27,2023-04-15,2023-04-07,2023-05-08,2023-04-14,2023-02-28,2023-04-14,Apex
30393750,2023-02-02,2023-04-27,2023-04-22,2023-03-24,2023-03-07,2023-02-02,2023-04-21,2023-04-22,2023-03-25,2023-03-07,2023-02-01,2023-04-19,Luminary
98055320,2023-10-28,2024-01-06,2023-11-04,2023-11-07,2023-12-08,2023-12-25,2023-12-01,2023-11-05,2023-11-06,2023-12-09,2023-12-24,2023-12-03,Endeavor
14668730,2023-08-10,2023-11-09,2023-09-22,2023-09-11,2023-10-29,2023-09-15,2023-09-28,2023-09-25,2023-09-13,2023-10-31,2023-09-17,2023-10-01,Odyssey
50989027,2023-05-21,2023-08-13,2023-08-10,2023-08-12,2023-07-21,2023-06-01,2023-06-03,2023-08-09,2023-08-13,2023-07-21,2023-05-30,2023-06-01,Apex
92772097,2023-05-04,2023-07-06,2023-05-06,2023-05-21,2023-05-16,2023-05-05,2023-06-05,2023-05-07,2023-05-20,2023-05-14,2023-05-04,2023-06-08,Luminary
69548767,2023-08-24,2023-10-26,2023-09-11,2023-08-28,2023-10-03,2023-10-25,2023-08-30,2023-09-13,2023-08-26,2023-10-05,2023-10-27,2023-08-30,Apex
79289626,2023-09-29,2023-12-01,2023-10-29,2023-11-05,2023-10-04,2023-11-26,2023-10-15,2023-10-29,2023-11-04,2023-10-05,2023-11-29,2023-10-17,Luminary
87236299,2023-05-19,2023-07-21,2023-05-26,2023-06-27,2023-05-24,2023-06-30,2023-06-22,2023-05-25,2023-06-24,2023-05-25,2023-07-02,2023-06-23,Genesis
65815947,2023-08-23,2023-11-01,2023-10-22,2023-09-16,2023-10-27,2023-09-22,2023-10-16,2023-10-22,2023-09-19,2023-10-26,2023-09-25,2023-10-19,Odyssey
38203783,2023-11-26,2024-01-21,2024-01-09,2024-01-05,2023-12-13,2023-11-28,2024-01-09,2024-01-08,2024-01-02,2023-12-12,2023-11-30,2024-01-06,Apex
72909438,2023-11-08,2024-01-10,2023-12-03,2023-11-26,2023-12-15,2023-11-14,2023-12-12,2023-12-03,2023-11-28,2023-12-14,2023-11-16,2023-12-12,Luminary
37306150,2023-02-07,2023-04-04,2023-02-18,2023-02-09,2023-03-13,2023-02-09,2023-02-24,2023-02-16,2023-02-12,2023-03-14,2023-02-08,2023-02-25,Odyssey
62536336,2023-06-06,2023-08-29,2023-08-04,2023-08-12,2023-08-08,2023-06-07,2023-07-07,2023-08-03,2023-08-10,2023-08-05,2023-06-08,2023-07-09,Luminary
21774297,2023-06-27,2023-09-12,2023-09-11,2023-08-19,2023-09-07,2023-09-02,2023-08-14,2023-09-09,2023-08-17,2023-09-04,2023-09-04,2023-08-15,Luminary
23095587,2023-07-05,2023-08-30,2023-07-12,2023-07-10,2023-08-26,2023-08-13,2023-07-30,2023-07-14,2023-07-08,2023-08-23,2023-08-10,2023-07-30,Luminary
81847437,2023-01-11,2023-03-15,2023-03-14,2023-03-02,2023-01-20,2023-01-18,2023-02-12,2023-03-16,2023-03-02,2023-01-17,2023-01-20,2023-02-15,Luminary
63970875,2023-05-20,2023-07-15,2023-05-29,2023-07-04,2023-05-23,2023-06-03,2023-07-09,2023-05-26,2023-07-05,2023-05-21,2023-06-03,2023-07-11,Endeavor
26321443,2023-08-31,2023-11-09,2023-09-27,2023-09-03,2023-08-31,2023-10-06,2023-10-02,2023-09-27,2023-09-05,2023-08-29,2023-10-09,2023-10-01,Luminary
78010613,2023-03-02,2023-05-04,2023-04-24,2023-03-16,2023-03-17,2023-03-18,2023-03-17,2023-04-23,2023-03-18,2023-03-14,2023-03-21,2023-03-14,Genesis
72621268,2023-09-06,2023-11-29,2023-11-11,2023-09-29,2023-11-05,2023-10-07,2023-09-08,2023-11-12,2023-09-27,2023-11-06,2023-10-09,2023-09-10,Luminary
97704191,2023-07-07,2023-10-06,2023-10-01,2023-09-05,2023-09-10,2023-08-14,2023-07-11,2023-09-28,2023-09-03,2023-09-10,2023-08-17,2023-07-09,Luminary
32539054,2023-03-29,2023-05-17,2023-04-21,2023-04-25,2023-04-29,2023-04-14,2023-04-21,2023-04-24,2023-04-25,2023-05-02,2023-04-14,2023-04-19,Apex
14332765,2023-05-17,2023-08-09,2023-06-07,2023-06-01,2023-06-26,2023-06-30,2023-06-21,2023-06-10,2023-05-31,2023-06-23,2023-06-27,2023-06-20,Genesis
37046442,2023-12-07,2024-02-22,2024-01-30,2023-12-20,2024-01-13,2024-01-30,2024-02-19,2024-01-31,2023-12-17,2024-01-12,2024-01-29,2024-02-19,Luminary
41274027,2023-01-06,2023-03-31,2023-01-21,2023-03-03,2023-01-06,2023-03-13,2023-02-12,2023-01-22,2023-03-04,2023-01-06,2023-03-11,2023-02-15,Luminary
42307700,2023-10-07,2023-12-23,2023-10-23,2023-10-21,2023-10-08,2023-10-09,2023-11-07,2023-10-23,2023-10-20,2023-10-06,2023-10-12,2023-11-04,Luminary
22769116,2023-07-18,2023-09-19,2023-07-18,2023-07-21,2023-07-22,2023-07-28,2023-09-11,2023-07-16,2023-07-23,2023-07-22,2023-07-30,2023-09-10,Luminary
90330668,2023-08-26,2023-11-18,2023-09-09,2023-11-09,2023-09-09,2023-10-30,2023-11-10,2023-09-07,2023-11-06,2023-09-11,2023-10-29,2023-11-13,Endeavor
60731878,2023-05-28,2023-07-30,2023-05-30,2023-07-07,2023-07-09,2023-07-22,2023-06-29,2023-05-31,2023-07-09,2023-07-12,2023-07-20,2023-06-27,Apex
64558511,2023-10-04,2023-12-20,2023-10-28,2023-10-17,2023-11-08,2023-11-22,2023-10-25,2023-10-31,2023-10-19,2023-11-08,2023-11-25,2023-10-25,Genesis
19349974,2023-07-27,2023-10-12,2023-09-03,2023-08-03,2023-08-08,2023-09-04,2023-09-19,2023-09-02,2023-07-31,2023-08-08,2023-09-06,2023-09-16,Odyssey
83546908,2023-09-13,2023-11-08,2023-10-17,2023-09-22,2023-10-24,2023-10-25,2023-10-06,2023-10-15,2023-09-22,2023-10-23,2023-10-23,2023-10-03,Odyssey
38537318,2023-07-02,2023-09-03,2023-08-08,2023-07-23,2023-08-09,2023-07-25,2023-09-02,2023-08-08,2023-07-21,2023-08-09,2023-07-28,2023-09-01,Horizon
80549706,2023-07-06,2023-09-07,2023-08-13,2023-08-31,2023-07-12,2023-07-30,2023-08-01,2023-08-12,2023-09-01,2023-07-14,2023-07-31,2023-07-29,Odyssey
36670646,2023-12-10,2024-02-11,2024-01-30,2024-01-15,2024-01-31,2023-12-12,2024-02-06,2024-02-01,2024-01-14,2024-02-02,2023-12-10,2024-02-03,Apex
39325753,2023-08-26,2023-11-18,2023-11-09,2023-10-11,2023-09-18,2023-09-21,2023-08-29,2023-11-06,2023-10-11,2023-09-17,2023-09-19,2023-08-29,Genesis
76006437,2023-08-26,2023-11-18,2023-09-26,2023-11-11,2023-10-02,2023-10-25,2023-09-05,2023-09-27,2023-11-13,2023-10-05,2023-10-24,2023-09-07,Apex
22194654,2023-07-27,2023-09-14,2023-07-31,2023-08-10,2023-09-03,2023-07-29,2023-09-05,2023-08-02,2023-08-09,2023-09-02,2023-07-30,2023-09-03,Endeavor
35697992,2023-10-11,2023-12-06,2023-11-18,2023-11-22,2023-10-21,2023-11-24,2023-11-24,2023-11-16,2023-11-22,2023-10-19,2023-11-24,2023-11-26,Apex
23373318,2023-03-04,2023-05-20,2023-03-20,2023-04-06,2023-04-19,2023-04-12,2023-03-19,2023-03-19,2023-04-06,2023-04-21,2023-04-13,2023-03-19,Apex
78881024,2023-08-18,2023-11-17,2023-11-15,2023-11-09,2023-09-14,2023-10-30,2023-10-05,2023-11-16,2023-11-12,2023-09-16,2023-11-02,2023-10-03,Luminary
27478506,2023-02-13,2023-05-15,2023-05-14,2023-03-20,2023-03-18,2023-02-26,2023-04-15,2023-05-12,2023-03-22,2023-03-21,2023-02-27,2023-04-18,Luminary
91039938,2023-05-19,2023-08-18,2023-08-01,2023-07-03,2023-07-19,2023-07-08,2023-07-31,2023-07-29,2023-07-04,2023-07-19,2023-07-09,2023-08-02,Luminary
36213844,2023-01-21,2023-03-25,2023-02-08,2023-02-15,2023-02-07,2023-03-18,2023-02-21,2023-02-05,2023-02-16,2023-02-04,2023-03-15,2023-02-24,Endeavor
83851548,2023-04-25,2023-07-11,2023-05-31,2023-06-25,2023-04-29,2023-05-23,2023-06-17,2023-06-01,2023-06-23,2023-04-30,2023-05-24,2023-06-15,Odyssey
87420324,2023-06-17,2023-08-12,2023-06-20,2023-07-26,2023-07-13,2023-07-23,2023-07-07,2023-06-19,2023-07-29,2023-07-14,2023-07-23,2023-07-04,Luminary
79765663,2023-05-15,2023-08-07,2023-05-28,2023-05-27,2023-05-25,2023-07-13,2023-06-18,2023-05-26,2023-05-29,2023-05-26,2023-07-13,2023-06-15,Horizon
95769616,2023-03-06,2023-05-22,2023-03-09,2023-04-16,2023-04-30,2023-04-13,2023-04-20,2023-03-09,2023-04-19,2023-04-27,2023-04-13,2023-04-18,Apex
93351557,2023-01-30,2023-04-17,2023-04-02,2023-04-09,2023-04-08,2023-04-06,2023-02-06,2023-04-02,2023-04-09,2023-04-09,2023-04-03,2023-02-07,Odyssey
67933270,2023-10-30,2024-01-08,2023-12-10,2023-12-21,2023-12-22,2023-11-12,2023-11-15,2023-12-12,2023-12-24,2023-12-21,2023-11-14,2023-11-12,Horizon
90632254,2023-03-01,2023-05-10,2023-03-21,2023-03-16,2023-03-23,2023-03-03,2023-04-21,2023-03-20,2023-03-19,2023-03-20,2023-03-05,2023-04-19,Horizon
63002256,2023-02-22,2023-05-10,2023-04-10,2023-03-28,2023-04-23,2023-05-04,2023-03-21,2023-04-07,2023-03-25,2023-04-23,2023-05-03,2023-03-23,Luminary
96037225,2023-10-06,2023-11-24,2023-11-07,2023-10-17,2023-11-14,2023-10-31,2023-10-21,2023-11-08,2023-10-14,2023-11-11,2023-10-31,2023-10-18,Genesis
45177721,2023-05-14,2023-07-16,2023-07-13,2023-07-01,2023-06-15,2023-07-04,2023-05-28,2023-07-13,2023-06-29,2023-06-18,2023-07-02,2023-05-31,Luminary
73261985,2023-05-27,2023-08-19,2023-08-06,2023-08-07,2023-07-19,2023-06-25,2023-06-18,2023-08-08,2023-08-09,2023-07-19,2023-06-24,2023-06-18,Odyssey
95906020,2023-12-08,2024-02-16,2024-01-13,2024-01-10,2024-01-14,2024-01-22,2024-01-26,2024-01-16,2024-01-10,2024-01-14,2024-01-19,2024-01-28,Endeavor
94597669,2023-04-29,2023-07-22,2023-06-07,2023-06-07,2023-07-16,2023-05-08,2023-07-04,2023-06-10,2023-06-08,2023-07-14,2023-05-10,2023-07-07,Luminary
90914851,2023-03-01,2023-05-03,2023-03-15,2023-03-01,2023-04-26,2023-04-27,2023-05-01,2023-03-12,2023-02-27,2023-04-27,2023-04-27,2023-05-02,Horizon
13875752,2023-10-01,2023-11-26,2023-11-20,2023-10-11,2023-10-20,2023-11-19,2023-10-11,2023-11-22,2023-10-09,2023-10-23,2023-11-16,2023-10-14,Luminary
57082526,2023-04-14,2023-06-02,2023-04-30,2023-05-20,2023-04-22,2023-04-17,2023-04-15,2023-04-29,2023-05-20,2023-04-24,2023-04-19,2023-04-16,Endeavor
56355352,2023-02-14,2023-04-25,2023-03-21,2023-04-01,2023-03-16,2023-02-24,2023-04-20,2023-03-22,2023-04-01,2023-03-19,2023-02-22,2023-04-18,Odyssey
37636455,2023-06-25,2023-09-03,2023-07-30,2023-08-20,2023-08-31,2023-07-19,2023-08-28,2023-07-29,2023-08-18,2023-08-30,2023-07-17,2023-08-30,Apex
96502544,2023-07-08,2023-10-07,2023-09-24,2023-09-21,2023-07-30,2023-10-05,2023-07-23,2023-09-21,2023-09-18,2023-08-02,2023-10-07,2023-07-23,Endeavor
14652619,2023-08-07,2023-10-23,2023-09-29,2023-08-14,2023-10-21,2023-09-25,2023-08-23,2023-10-02,2023-08-11,2023-10-19,2023-09-23,2023-08-20,Endeavor
36521043,2023-01-11,2023-03-01,2023-01-27,2023-02-19,2023-01-31,2023-02-22,2023-02-19,2023-01-28,2023-02-16,2023-01-31,2023-02-23,2023-02-21,Luminary
69128342,2023-04-13,2023-07-06,2023-04-15,2023-06-09,2023-04-26,2023-05-20,2023-04-29,2023-04-18,2023-06-06,2023-04-24,2023-05-22,2023-04-26,Genesis
38889372,2023-12-10,2024-02-18,2024-01-21,2024-02-02,2023-12-15,2024-01-15,2023-12-18,2024-01-21,2024-01-31,2023-12-16,2024-01-13,2023-12-21,Odyssey
79517704,2023-09-08,2023-12-08,2023-11-04,2023-10-17,2023-10-10,2023-09-30,2023-10-27,2023-11-07,2023-10-14,2023-10-08,2023-10-01,2023-10-26,Odyssey
38459544,2023-12-06,2024-01-31,2024-01-19,2023-12-09,2024-01-21,2023-12-15,2024-01-01,2024-01-22,2023-12-11,2024-01-22,2023-12-14,2024-01-02,Endeavor
10941774,2023-11-20,2024-02-05,2024-01-08,2024-01-06,2024-01-12,2024-01-21,2023-12-28,2024-01-11,2024-01-08,2024-01-15,2024-01-20,2023-12-26,Luminary
29239924,2023-07-03,2023-09-04,2023-07-28,2023-07-20,2023-07-25,2023-08-24,2023-08-07,2023-07-26,2023-07-22,2023-07-26,2023-08-22,2023-08-07,Odyssey
41756066,2023-03-03,2023-05-05,2023-04-01,2023-05-01,2023-03-16,2023-04-16,2023-03-09,2023-03-31,2023-04-28,2023-03-17,2023-04-17,2023-03-11,Horizon
70900122,2023-01-27,2023-03-24,2023-03-14,2023-03-06,2023-03-22,2023-03-07,2023-03-21,2023-03-16,2023-03-08,2023-03-22,2023-03-08,2023-03-21,Genesis
73329288,2023-02-05,2023-03-26,2023-03-02,2023-03-23,2023-02-27,2023-02-15,2023-03-05,2023-03-01,2023-03-25,2023-03-01,2023-02-15,2023-03-08,Genesis
22268660,2023-02-24,2023-05-12,2023-03-30,2023-03-05,2023-03-09,2023-04-28,2023-03-01,2023-03-29,2023-03-07,2023-03-09,2023-04-28,2023-02-27,Luminary
91103930,2023-11-16,2024-01-18,2023-11-29,2024-01-11,2024-01-09,2023-12-05,2023-11-16,2023-11-29,2024-01-09,2024-01-12,2023-12-06,2023-11-16,Horizon
47052816,2023-01-13,2023-03-10,2023-02-21,2023-03-08,2023-03-01,2023-01-23,2023-02-27,2023-02-24,2023-03-06,2023-02-28,2023-01-26,2023-03-01,Endeavor
97101481,2023-08-06,2023-10-01,2023-09-08,2023-09-08,2023-08-15,2023-08-06,2023-08-29,2023-09-11,2023-09-08,2023-08-12,2023-08-07,2023-08-29,Apex
48925671,2023-03-30,2023-06-08,2023-05-17,2023-04-29,2023-04-25,2023-04-20,2023-03-30,2023-05-18,2023-04-30,2023-04-23,2023-04-20,2023-03-28,Luminary
62637892,2023-07-12,2023-09-13,2023-08-15,2023-08-30,2023-08-14,2023-07-20,2023-07-19,2023-08-13,2023-08-29,2023-08-16,2023-07-17,2023-07-19,Apex
54163597,2023-04-29,2023-07-29,2023-06-23,2023-06-09,2023-05-20,2023-07-09,2023-06-03,2023-06-22,2023-06-06,2023-05-21,2023-07-11,2023-06-06,Luminary
99158321,2023-05-29,2023-07-24,2023-06-12,2023-06-20,2023-06-25,2023-06-17,2023-07-14,2023-06-09,2023-06-19,2023-06-25,2023-06-19,2023-07-15,Luminary
49924374,2023-09-14,2023-11-30,2023-11-28,2023-10-18,2023-10-11,2023-10-21,2023-11-12,2023-11-25,2023-10-21,2023-10-08,2023-10-19,2023-11-15,Luminary
21902603,2023-02-20,2023-05-22,2023-05-11,2023-05-06,2023-03-03,2023-03-30,2023-03-26,2023-05-12,2023-05-08,2023-03-05,2023-03-31,2023-03-24,Apex
92447624,2023-07-14,2023-09-22,2023-08-28,2023-08-05,2023-09-15,2023-09-20,2023-08-19,2023-08-26,2023-08-08,2023-09-14,2023-09-19,2023-08-16,Luminary
26708278,2023-09-03,2023-10-29,2023-10-07,2023-10-14,2023-09-29,2023-10-07,2023-10-11,2023-10-05,2023-10-16,2023-09-26,2023-10-09,2023-10-14,Endeavor
76617966,2023-10-25,2024-01-03,2024-01-02,2023-11-21,2023-11-04,2023-12-10,2023-11-22,2023-12-31,2023-11-23,2023-11-05,2023-12-12,2023-11-20,Luminary
59736917,2023-02-16,2023-04-27,2023-03-31,2023-03-02,2023-03-21,2023-03-11,2023-03-06,2023-03-29,2023-03-03,2023-03-20,2023-03-14,2023-03-05,Luminary
92222396,2023-05-12,2023-07-21,2023-06-29,2023-06-03,2023-05-22,2023-07-17,2023-06-18,2023-06-29,2023-06-04,2023-05-24,2023-07-16,2023-06-17,Odyssey
93397714,2023-05-31,2023-08-02,2023-07-15,2023-07-19,2023-07-14,2023-07-24,2023-07-30,2023-07-14,2023-07-20,2023-07-14,2023-07-24,2023-07-27,Endeavor
97787993,2023-03-27,2023-06-26,2023-05-31,2023-05-04,2023-05-14,2023-04-26,2023-05-13,2023-06-02,2023-05-04,2023-05-17,2023-04-29,2023-05-12,Endeavor
21859142,2023-04-01,2023-05-27,2023-05-01,2023-05-21,2023-04-01,2023-04-09,2023-05-16,2023-04-30,2023-05-20,2023-04-01,2023-04-06,2023-05-17,Luminary
40883162,2023-05-04,2023-08-03,2023-06-11,2023-07-29,2023-05-26,2023-07-22,2023-06-14,2023-06-09,2023-07-31,2023-05-24,2023-07-19,2023-06-13,Luminary
28266493,2023-01-19,2023-04-06,2023-03-15,2023-04-03,2023-01-22,2023-02-27,2023-01-28,2023-03-16,2023-04-04,2023-01-24,2023-02-27,2023-01-27,Genesis
64943060,2023-04-13,2023-06-08,2023-05-02,2023-05-14,2023-04-30,2023-04-23,2023-04-30,2023-04-30,2023-05-13,2023-04-28,2023-04-23,2023-05-01,Endeavor
42221764,2023-11-06,2024-02-05,2024-01-12,2023-12-11,2023-11-08,2023-11-28,2023-11-10,2024-01-10,2023-12-11,2023-11-09,2023-11-30,2023-11-12,Odyssey
12392865,2023-01-04,2023-03-08,2023-02-10,2023-02-24,2023-01-04,2023-01-16,2023-01-15,2023-02-09,2023-02-27,2023-01-07,2023-01-16,2023-01-17,Endeavor
75084895,2023-11-16,2024-02-08,2024-01-13,2024-01-13,2023-12-05,2023-11-23,2024-01-26,2024-01-15,2024-01-13,2023-12-05,2023-11-21,2024-01-28,Endeavor
47971878,2023-07-01,2023-09-30,2023-07-20,2023-09-21,2023-07-01,2023-08-20,2023-09-26,2023-07-19,2023-09-19,2023-06-29,2023-08-22,2023-09-27,Horizon
29324260,2023-08-30,2023-11-08,2023-10-09,2023-09-05,2023-10-21,2023-09-16,2023-09-21,2023-10-07,2023-09-06,2023-10-23,2023-09-13,2023-09-22,Apex
79417398,2023-03-30,2023-05-18,2023-05-09,2023-05-06,2023-05-15,2023-03-30,2023-05-11,2023-05-12,2023-05-09,2023-05-12,2023-04-02,2023-05-13,Horizon
95007338,2023-03-23,2023-05-11,2023-04-29,2023-03-26,2023-04-18,2023-03-25,2023-04-25,2023-05-02,2023-03-23,2023-04-18,2023-03-23,2023-04-28,Apex
59681759,2023-10-01,2023-12-24,2023-11-05,2023-12-20,2023-11-02,2023-12-05,2023-11-14,2023-11-03,2023-12-17,2023-11-04,2023-12-03,2023-11-11,Luminary
29540593,2023-09-06,2023-11-01,2023-09-19,2023-10-26,2023-09-14,2023-09-30,2023-09-16,2023-09-20,2023-10-26,2023-09-13,2023-09-27,2023-09-17,Luminary
25536397,2023-10-05,2023-12-28,2023-10-15,2023-10-31,2023-10-07,2023-12-11,2023-10-18,2023-10-17,2023-11-01,2023-10-07,2023-12-13,2023-10-18,Luminary
78165984,2023-08-30,2023-10-18,2023-09-12,2023-10-05,2023-09-19,2023-09-30,2023-09-18,2023-09-09,2023-10-06,2023-09-20,2023-09-30,2023-09-15,Luminary
53146706,2023-06-13,2023-08-01,2023-07-31,2023-06-24,2023-06-23,2023-07-29,2023-06-25,2023-08-01,2023-06-26,2023-06-22,2023-07-30,2023-06-24,Horizon
52975730,2023-07-17,2023-09-04,2023-08-29,2023-08-31,2023-08-03,2023-08-30,2023-08-18,2023-08-30,2023-09-03,2023-08-05,2023-09-01,2023-08-18,Odyssey
20144782,2023-02-20,2023-05-22,2023-04-01,2023-03-16,2023-03-28,2023-02-27,2023-04-15,2023-03-30,2023-03-13,2023-03-25,2023-02-28,2023-04-13,Horizon
58250498,2023-07-16,2023-09-10,2023-08-17,2023-08-07,2023-08-29,2023-08-09,2023-08-19,2023-08-15,2023-08-08,2023-08-30,2023-08-08,2023-08-22,Genesis
35718751,2023-07-06,2023-09-07,2023-08-14,2023-07-08,2023-08-18,2023-07-06,2023-08-28,2023-08-13,2023-07-11,2023-08-18,2023-07-03,2023-08-27,Luminary
36874331,2023-06-07,2023-08-16,2023-07-20,2023-06-28,2023-07-18,2023-06-30,2023-07-01,2023-07-20,2023-06-29,2023-07-16,2023-07-02,2023-06-29,Horizon
49620191,2023-07-05,2023-09-06,2023-08-20,2023-07-18,2023-07-27,2023-08-16,2023-08-01,2023-08-22,2023-07-21,2023-07-30,2023-08-13,2023-08-03,Odyssey
79986442,2023-05-20,2023-08-19,2023-07-22,2023-07-06,2023-07-17,2023-08-18,2023-08-18,2023-07-24,2023-07-09,2023-07-14,2023-08-15,2023-08-18,Endeavor
66887530,2023-02-27,2023-05-08,2023-04-18,2023-05-04,2023-03-07,2023-03-17,2023-03-28,2023-04-18,2023-05-05,2023-03-07,2023-03-14,2023-03-30,Odyssey
97379157,2023-07-21,2023-09-08,2023-08-01,2023-07-26,2023-08-05,2023-08-23,2023-07-24,2023-08-03,2023-07-24,2023-08-02,2023-08-23,2023-07-27,Luminary
60847759,2023-05-10,2023-07-19,2023-07-09,2023-05-25,2023-06-24,2023-06-16,2023-07-14,2023-07-11,2023-05-28,2023-06-23,2023-06-17,2023-07-17,Genesis
62983963,2023-03-14,2023-05-02,2023-04-22,2023-05-01,2023-04-01,2023-03-30,2023-04-20,2023-04-23,2023-04-28,2023-03-30,2023-03-28,2023-04-23,Luminary
14761885,2023-01-19,2023-04-13,2023-04-05,2023-04-06,2023-04-03,2023-02-20,2023-04-02,2023-04-06,2023-04-06,2023-04-02,2023-02-17,2023-03-30,Luminary
29156038,2023-09-22,2023-12-15,2023-12-11,2023-11-11,2023-10-10,2023-12-01,2023-10-23,2023-12-10,2023-11-12,2023-10-11,2023-12-03,2023-10-20,Odyssey
69173432,2023-03-13,2023-05-08,2023-05-02,2023-05-04,2023-04-24,2023-03-27,2023-04-29,2023-05-05,2023-05-03,2023-04-21,2023-03-25,2023-04-30,Luminary
20348557,2023-09-15,2023-11-10,2023-11-09,2023-10-05,2023-10-27,2023-09-18,2023-10-08,2023-11-12,2023-10-08,2023-10-29,2023-09-21,2023-10-08,Odyssey
48627074,2023-07-09,2023-08-27,2023-08-08,2023-07-28,2023-07-09,2023-07-13,2023-07-15,2023-08-07,2023-07-26,2023-07-10,2023-07-11,2023-07-16,Horizon
94483299,2023-02-22,2023-05-24,2023-03-17,2023-04-06,2023-05-17,2023-04-28,2023-04-22,2023-03-20,2023-04-06,2023-05-19,2023-04-29,2023-04-21,Horizon
98746324,2023-03-28,2023-06-06,2023-05-31,2023-06-02,2023-04-07,2023-05-17,2023-05-08,2023-06-03,2023-06-04,2023-04-05,2023-05-20,2023-05-10,Apex
30812115,2023-09-08,2023-12-01,2023-11-08,2023-10-05,2023-11-13,2023-10-10,2023-10-25,2023-11-05,2023-10-06,2023-11-15,2023-10-09,2023-10-22,Horizon
80694433,2023-09-24,2023-11-12,2023-10-12,2023-10-09,2023-10-30,2023-10-28,2023-11-05,2023-10-12,2023-10-07,2023-11-02,2023-10-25,2023-11-04,Horizon
35236935,2023-06-01,2023-08-17,2023-07-13,2023-08-04,2023-07-01,2023-07-16,2023-06-07,2023-07-16,2023-08-05,2023-07-02,2023-07-16,2023-06-10,Luminary
90847846,2023-02-26,2023-04-30,2023-03-19,2023-03-09,2023-03-13,2023-04-05,2023-04-12,2023-03-16,2023-03-11,2023-03-12,2023-04-08,2023-04-12,Genesis
75669932,2023-10-02,2023-12-11,2023-11-23,2023-10-22,2023-11-06,2023-12-09,2023-10-06,2023-11-21,2023-10-21,2023-11-07,2023-12-09,2023-10-06,Endeavor
56965891,2023-01-09,2023-03-06,2023-02-17,2023-01-29,2023-01-17,2023-02-18,2023-03-05,2023-02-19,2023-01-30,2023-01-19,2023-02-18,2023-03-02,Horizon
30850172,2023-12-06,2024-03-06,2024-02-20,2024-01-14,2024-01-27,2023-12-26,2024-02-05,2024-02-21,2024-01-13,2024-01-30,2023-12-24,2024-02-07,Luminary
88571813,2023-01-02,2023-02-20,2023-01-15,2023-02-18,2023-01-31,2023-02-07,2023-01-08,2023-01-12,2023-02-17,2023-01-29,2023-02-07,2023-01-10,Genesis
29945335,2023-01-31,2023-05-02,2023-03-30,2023-04-11,2023-03-19,2023-04-14,2023-02-01,2023-04-01,2023-04-09,2023-03-21,2023-04-14,2023-01-31,Horizon
86856179,2023-03-21,2023-05-23,2023-04-30,2023-05-19,2023-04-24,2023-04-20,2023-03-29,2023-04-27,2023-05-16,2023-04-21,2023-04-19,2023-03-29,Luminary
67631954,2023-10-17,2023-12-19,2023-10-19,2023-11-09,2023-12-15,2023-10-19,2023-12-13,2023-10-22,2023-11-08,2023-12-12,2023-10-17,2023-12-10,Odyssey
45550784,2023-12-02,2024-01-27,2024-01-20,2024-01-06,2023-12-16,2024-01-16,2023-12-27,2024-01-20,2024-01-06,2023-12-17,2024-01-17,2023-12-28,Luminary
38400375,2023-02-12,2023-04-23,2023-04-10,2023-03-27,2023-03-11,2023-03-05,2023-03-21,2023-04-07,2023-03-24,2023-03-08,2023-03-04,2023-03-22,Horizon
25673174,2023-05-30,2023-07-18,2023-07-01,2023-06-21,2023-06-24,2023-06-07,2023-06-03,2023-07-02,2023-06-22,2023-06-27,2023-06-06,2023-06-06,Luminary
31176464,2023-03-02,2023-05-11,2023-04-01,2023-05-01,2023-04-27,2023-04-25,2023-04-18,2023-03-29,2023-04-30,2023-04-27,2023-04-25,2023-04-21,Endeavor
28696027,2023-01-25,2023-03-15,2023-03-12,2023-03-08,2023-02-25,2023-03-03,2023-01-27,2023-03-14,2023-03-09,2023-02-23,2023-03-04,2023-01-28,Luminary
69249624,2023-02-15,2023-04-12,2023-03-29,2023-02-27,2023-02-28,2023-02-18,2023-02-26,2023-03-31,2023-02-27,2023-02-26,2023-02-16,2023-02-25,Odyssey
81971241,2023-10-01,2023-12-03,2023-11-11,2023-10-25,2023-10-04,2023-12-01,2023-10-27,2023-11-10,2023-10-25,2023-10-02,2023-11-28,2023-10-25,Genesis
66883719,2023-04-13,2023-06-22,2023-05-20,2023-04-24,2023-05-16,2023-05-11,2023-05-19,2023-05-19,2023-04-24,2023-05-15,2023-05-11,2023-05-22,Endeavor
34088561,2023-08-28,2023-10-16,2023-09-15,2023-09-02,2023-09-29,2023-08-29,2023-09-12,2023-09-14,2023-09-01,2023-09-27,2023-08-31,2023-09-14,Apex
15142407,2023-07-12,2023-09-20,2023-07-14,2023-09-11,2023-08-06,2023-08-13,2023-07-25,2023-07-15,2023-09-12,2023-08-04,2023-08-13,2023-07-22,Luminary
50114765,2023-05-14,2023-07-09,2023-05-23,2023-07-07,2023-06-23,2023-05-20,2023-06-07,2023-05-22,2023-07-04,2023-06-23,2023-05-19,2023-06-10,Luminary
73108725,2023-08-10,2023-10-26,2023-08-20,2023-09-29,2023-08-17,2023-10-05,2023-08-22,2023-08-20,2023-10-02,2023-08-20,2023-10-04,2023-08-22,Luminary
86893067,2023-07-08,2023-09-09,2023-07-11,2023-08-27,2023-07-29,2023-08-10,2023-07-17,2023-07-11,2023-08-30,2023-08-01,2023-08-13,2023-07-19,Luminary
21446490,2023-08-05,2023-10-21,2023-10-12,2023-08-26,2023-08-22,2023-10-11,2023-10-08,2023-10-10,2023-08-25,2023-08-21,2023-10-12,2023-10-10,Luminary
59213795,2023-03-31,2023-05-26,2023-05-08,2023-04-19,2023-05-12,2023-05-03,2023-04-15,2023-05-08,2023-04-18,2023-05-10,2023-05-03,2023-04-14,Luminary
96890780,2023-04-15,2023-06-17,2023-05-18,2023-06-07,2023-05-04,2023-05-05,2023-05-30,2023-05-20,2023-06-09,2023-05-06,2023-05-05,2023-05-31,Apex
23223556,2023-11-18,2024-02-17,2023-12-18,2023-11-30,2023-12-14,2024-01-11,2024-01-21,2023-12-16,2023-11-29,2023-12-14,2024-01-10,2024-01-24,Odyssey
23555947,2023-10-29,2024-01-28,2024-01-11,2023-10-29,2023-11-06,2024-01-01,2024-01-16,2024-01-11,2023-10-28,2023-11-03,2024-01-02,2024-01-14,Horizon
76340425,2023-05-08,2023-07-24,2023-06-06,2023-07-15,2023-07-22,2023-06-08,2023-05-11,2023-06-07,2023-07-13,2023-07-24,2023-06-11,2023-05-12,Endeavor
42968872,2023-02-02,2023-03-23,2023-02-03,2023-03-02,2023-02-13,2023-02-18,2023-02-28,2023-02-05,2023-03-02,2023-02-15,2023-02-16,2023-02-28,Apex
79850249,2023-03-20,2023-06-19,2023-05-08,2023-05-12,2023-04-22,2023-06-11,2023-05-02,2023-05-07,2023-05-15,2023-04-24,2023-06-08,2023-05-05,Apex
15734643,2023-02-04,2023-05-06,2023-03-16,2023-03-24,2023-03-27,2023-04-25,2023-03-15,2023-03-19,2023-03-27,2023-03-27,2023-04-27,2023-03-15,Genesis
14041044,2023-02-17,2023-04-14,2023-02-24,2023-04-02,2023-03-20,2023-03-05,2023-03-17,2023-02-26,2023-04-01,2023-03-18,2023-03-04,2023-03-19,Luminary
89100576,2023-04-04,2023-05-30,2023-05-16,2023-05-01,2023-04-07,2023-04-06,2023-04-04,2023-05-18,2023-05-01,2023-04-10,2023-04-06,2023-04-01,Apex
21578554,2023-09-05,2023-11-14,2023-10-01,2023-09-12,2023-11-08,2023-10-05,2023-10-05,2023-10-02,2023-09-12,2023-11-09,2023-10-05,2023-10-06,Endeavor
72498864,2023-08-01,2023-10-17,2023-10-03,2023-08-28,2023-08-05,2023-10-16,2023-10-08,2023-10-06,2023-08-30,2023-08-05,2023-10-17,2023-10-05,Genesis
44902458,2023-04-07,2023-07-07,2023-06-28,2023-07-02,2023-06-13,2023-05-27,2023-04-20,2023-06-27,2023-07-04,2023-06-16,2023-05-28,2023-04-21,Odyssey
88630588,2023-04-11,2023-07-04,2023-06-07,2023-04-16,2023-06-26,2023-05-18,2023-05-21,2023-06-04,2023-04-13,2023-06-29,2023-05-16,2023-05-23,Luminary
44474606,2023-04-20,2023-07-13,2023-06-15,2023-05-11,2023-05-14,2023-05-20,2023-07-07,2023-06-14,2023-05-09,2023-05-16,2023-05-21,2023-07-04,Luminary
85496272,2023-07-26,2023-10-11,2023-09-11,2023-09-07,2023-10-02,2023-08-06,2023-09-05,2023-09-13,2023-09-09,2023-10-04,2023-08-06,2023-09-08,Endeavor
60515525,2023-05-26,2023-07-28,2023-06-11,2023-07-15,2023-05-30,2023-06-17,2023-07-11,2023-06-14,2023-07-15,2023-05-27,2023-06-14,2023-07-08,Luminary
31806916,2023-05-30,2023-08-01,2023-06-01,2023-06-22,2023-06-06,2023-06-28,2023-06-08,2023-05-30,2023-06-23,2023-06-08,2023-06-29,2023-06-09,Luminary
41888726,2023-11-17,2024-02-02,2023-12-04,2023-11-29,2023-12-29,2023-11-18,2024-01-29,2023-12-06,2023-11-30,2023-12-27,2023-11-18,2024-01-28,Horizon
93926826,2023-05-21,2023-07-30,2023-07-11,2023-06-30,2023-06-02,2023-07-11,2023-06-13,2023-07-11,2023-07-03,2023-06-04,2023-07-12,2023-06-15,Luminary
26370853,2023-07-14,2023-09-29,2023-08-10,2023-08-09,2023-08-22,2023-08-24,2023-08-28,2023-08-08,2023-08-08,2023-08-19,2023-08-24,2023-08-25,Luminary
88003820,2023-09-28,2023-11-30,2023-10-03,2023-10-13,2023-11-17,2023-11-01,2023-10-17,2023-10-03,2023-10-10,2023-11-14,2023-11-04,2023-10-19,Apex
79495743,2023-04-07,2023-06-02,2023-04-21,2023-04-28,2023-05-06,2023-04-21,2023-04-25,2023-04-20,2023-04-27,2023-05-05,2023-04-21,2023-04-28,Odyssey
31455843,2023-08-03,2023-09-28,2023-08-27,2023-09-24,2023-08-05,2023-08-20,2023-08-25,2023-08-28,2023-09-24,2023-08-04,2023-08-20,2023-08-22,Genesis
76661537,2023-12-02,2024-02-10,2024-01-11,2024-02-08,2023-12-17,2023-12-25,2024-01-25,2024-01-13,2024-02-10,2023-12-17,2023-12-24,2024-01-22,Endeavor
97266402,2023-02-20,2023-04-24,2023-04-17,2023-03-08,2023-03-16,2023-04-11,2023-03-21,2023-04-14,2023-03-11,2023-03-18,2023-04-08,2023-03-18,Luminary
94295132,2023-11-07,2024-02-06,2024-01-30,2024-01-29,2024-01-23,2024-01-14,2024-01-18,2024-01-29,2024-01-31,2024-01-20,2024-01-16,2024-01-21,Genesis
42640593,2023-01-09,2023-03-06,2023-02-22,2023-01-28,2023-01-15,2023-02-18,2023-01-25,2023-02-24,2023-01-26,2023-01-16,2023-02-16,2023-01-26,Genesis
11766005,2023-05-28,2023-07-23,2023-07-16,2023-07-04,2023-06-17,2023-07-04,2023-07-18,2023-07-15,2023-07-05,2023-06-17,2023-07-04,2023-07-16,Apex
40396830,2023-07-24,2023-10-23,2023-09-09,2023-08-03,2023-08-05,2023-10-15,2023-08-01,2023-09-09,2023-08-05,2023-08-03,2023-10-13,2023-08-03,Luminary
29265852,2023-07-26,2023-10-18,2023-07-27,2023-10-14,2023-08-02,2023-07-27,2023-10-06,2023-07-27,2023-10-14,2023-07-30,2023-07-29,2023-10-07,Horizon
90674455,2023-04-05,2023-05-31,2023-05-13,2023-05-18,2023-05-01,2023-05-15,2023-05-08,2023-05-13,2023-05-19,2023-05-01,2023-05-15,2023-05-05,Luminary
29361996,2023-09-15,2023-12-08,2023-10-23,2023-10-10,2023-11-24,2023-09-22,2023-11-27,2023-10-21,2023-10-08,2023-11-23,2023-09-25,2023-11-29,Endeavor
95473684,2023-03-03,2023-06-02,2023-04-28,2023-03-26,2023-05-13,2023-03-23,2023-05-25,2023-05-01,2023-03-23,2023-05-14,2023-03-20,2023-05-28,Luminary
30716019,2023-01-18,2023-04-19,2023-04-01,2023-04-10,2023-01-23,2023-03-08,2023-04-06,2023-04-02,2023-04-08,2023-01-22,2023-03-07,2023-04-04,Luminary
89462294,2023-01-27,2023-04-07,2023-04-04,2023-03-11,2023-02-20,2023-03-11,2023-04-05,2023-04-01,2023-03-10,2023-02-22,2023-03-14,2023-04-05,Luminary
93297399,2023-10-30,2024-01-15,2024-01-11,2024-01-02,2023-11-12,2023-12-27,2023-12-29,2024-01-13,2024-01-01,2023-11-13,2023-12-27,2023-12-30,Luminary
33798466,2023-12-08,2024-02-16,2024-01-26,2024-01-05,2023-12-09,2024-02-04,2023-12-22,2024-01-27,2024-01-02,2023-12-08,2024-02-03,2023-12-25,Odyssey
19115249,2023-05-17,2023-07-26,2023-07-20,2023-06-20,2023-06-21,2023-06-14,2023-07-04,2023-07-21,2023-06-18,2023-06-24,2023-06-16,2023-07-06,Odyssey
24174190,2023-09-07,2023-12-07,2023-11-12,2023-10-01,2023-09-19,2023-09-09,2023-10-23,2023-11-11,2023-10-02,2023-09-20,2023-09-06,2023-10-25,Odyssey
47505592,2023-11-10,2024-01-05,2023-11-29,2023-12-18,2023-12-12,2023-12-25,2023-12-09,2023-11-28,2023-12-15,2023-12-10,2023-12-24,2023-12-06,Luminary
22812414,2023-06-21,2023-08-16,2023-07-04,2023-08-06,2023-07-19,2023-07-23,2023-07-24,2023-07-03,2023-08-08,2023-07-17,2023-07-24,2023-07-24,Luminary
46175877,2023-11-28,2024-02-06,2024-01-28,2024-01-25,2024-01-03,2024-01-05,2024-01-23,2024-01-29,2024-01-23,2024-01-04,2024-01-05,2024-01-23,Luminary
93612213,2023-06-05,2023-07-31,2023-07-23,2023-07-03,2023-07-29,2023-06-27,2023-06-23,2023-07-23,2023-07-05,2023-07-30,2023-06-29,2023-06-25,Luminary
72791554,2023-06-17,2023-08-12,2023-07-08,2023-07-12,2023-08-05,2023-07-03,2023-08-05,2023-07-09,2023-07-10,2023-08-05,2023-07-02,2023-08-03,Genesis
87469864,2023-02-24,2023-04-21,2023-04-15,2023-04-16,2023-04-14,2023-04-11,2023-03-29,2023-04-14,2023-04-19,2023-04-14,2023-04-12,2023-03-26,Endeavor
44624419,2023-04-11,2023-07-11,2023-05-23,2023-05-10,2023-05-25,2023-07-07,2023-06-13,2023-05-22,2023-05-07,2023-05-25,2023-07-05,2023-06-11,Luminary
87620505,2023-07-24,2023-10-23,2023-07-29,2023-10-08,2023-10-02,2023-08-11,2023-08-17,2023-07-29,2023-10-09,2023-10-03,2023-08-13,2023-08-17,Apex
66351003,2023-06-28,2023-09-06,2023-09-03,2023-07-04,2023-06-29,2023-07-17,2023-08-24,2023-09-05,2023-07-04,2023-06-29,2023-07-19,2023-08-27,Apex
15570548,2023-02-10,2023-04-21,2023-03-06,2023-02-10,2023-03-03,2023-02-27,2023-04-11,2023-03-06,2023-02-08,2023-02-28,2023-02-28,2023-04-08,Luminary
20031644,2023-03-09,2023-06-08,2023-06-05,2023-05-12,2023-04-12,2023-05-07,2023-05-26,2023-06-08,2023-05-10,2023-04-11,2023-05-04,2023-05-25,Genesis
28972892,2023-04-14,2023-06-09,2023-04-14,2023-04-15,2023-04-16,2023-04-30,2023-05-14,2023-04-15,2023-04-14,2023-04-14,2023-05-03,2023-05-14,Genesis
70600572,2023-11-16,2024-02-01,2023-12-08,2023-12-24,2024-01-03,2024-01-26,2023-12-21,2023-12-10,2023-12-27,2024-01-06,2024-01-26,2023-12-22,Luminary
17866874,2023-11-30,2024-02-15,2024-01-03,2023-12-08,2024-01-25,2024-01-10,2024-02-13,2023-12-31,2023-12-09,2024-01-22,2024-01-09,2024-02-16,Luminary
56578614,2023-02-14,2023-05-02,2023-04-22,2023-02-16,2023-04-29,2023-03-02,2023-02-15,2023-04-25,2023-02-15,2023-04-30,2023-03-05,2023-02-18,Luminary
54675337,2023-08-19,2023-10-07,2023-09-14,2023-09-22,2023-09-08,2023-09-25,2023-09-07,2023-09-17,2023-09-24,2023-09-08,2023-09-26,2023-09-05,Luminary
44083101,2023-05-04,2023-07-13,2023-05-21,2023-05-21,2023-06-21,2023-07-06,2023-05-18,2023-05-18,2023-05-23,2023-06-24,2023-07-08,2023-05-21,Luminary
95530418,2023-08-26,2023-10-21,2023-10-14,2023-10-04,2023-09-17,2023-08-26,2023-08-31,2023-10-13,2023-10-07,2023-09-14,2023-08-26,2023-08-30,Endeavor
64733154,2023-06-19,2023-08-21,2023-08-16,2023-06-22,2023-08-20,2023-08-20,2023-08-20,2023-08-19,2023-06-25,2023-08-17,2023-08-20,2023-08-23,Luminary
62410217,2023-02-22,2023-04-12,2023-04-11,2023-03-02,2023-04-03,2023-03-24,2023-03-26,2023-04-14,2023-03-05,2023-04-01,2023-03-22,2023-03-29,Apex
12975941,2023-09-03,2023-11-26,2023-11-02,2023-11-22,2023-11-02,2023-09-21,2023-11-11,2023-11-03,2023-11-24,2023-11-01,2023-09-24,2023-11-13,Apex
49793487,2023-01-24,2023-04-11,2023-02-25,2023-02-06,2023-02-23,2023-03-28,2023-04-06,2023-02-27,2023-02-06,2023-02-21,2023-03-29,2023-04-04,Genesis
97631588,2023-04-17,2023-07-17,2023-06-03,2023-06-02,2023-06-15,2023-07-14,2023-05-19,2023-06-01,2023-06-05,2023-06-13,2023-07-17,2023-05-16,Luminary
42462797,2023-04-15,2023-07-01,2023-06-16,2023-04-22,2023-05-29,2023-06-27,2023-04-30,2023-06-15,2023-04-23,2023-05-28,2023-06-28,2023-05-01,Genesis
38494233,2023-02-11,2023-04-08,2023-04-01,2023-03-08,2023-04-06,2023-03-22,2023-03-26,2023-03-31,2023-03-10,2023-04-05,2023-03-21,2023-03-27,Luminary
21965011,2023-06-13,2023-08-15,2023-06-28,2023-08-10,2023-07-23,2023-06-25,2023-06-23,2023-07-01,2023-08-11,2023-07-25,2023-06-28,2023-06-20,Endeavor
89531242,2023-08-16,2023-10-11,2023-08-26,2023-09-03,2023-10-01,2023-09-13,2023-08-25,2023-08-29,2023-09-06,2023-10-01,2023-09-10,2023-08-24,Apex
29326802,2023-09-23,2023-12-23,2023-12-06,2023-11-03,2023-10-18,2023-10-19,2023-12-08,2023-12-08,2023-11-01,2023-10-20,2023-10-22,2023-12-06,Apex
43266826,2023-02-12,2023-04-09,2023-03-18,2023-04-02,2023-04-05,2023-02-19,2023-02-12,2023-03-16,2023-04-04,2023-04-04,2023-02-22,2023-02-10,Luminary
80181056,2023-01-16,2023-04-17,2023-03-16,2023-01-17,2023-04-01,2023-01-29,2023-04-12,2023-03-19,2023-01-19,2023-04-01,2023-01-29,2023-04-10,Apex
38588182,2023-02-17,2023-05-05,2023-03-28,2023-03-26,2023-05-04,2023-04-04,2023-02-19,2023-03-30,2023-03-25,2023-05-06,2023-04-04,2023-02-19,Luminary
70797912,2023-05-02,2023-07-11,2023-07-02,2023-05-15,2023-05-10,2023-07-09,2023-06-09,2023-06-29,2023-05-17,2023-05-13,2023-07-12,2023-06-06,Luminary
52906501,2023-09-08,2023-11-17,2023-11-03,2023-09-29,2023-09-12,2023-09-28,2023-10-18,2023-11-04,2023-10-01,2023-09-11,2023-09-30,2023-10-17,Luminary
11433642,2023-01-11,2023-03-22,2023-01-15,2023-03-10,2023-02-18,2023-01-23,2023-03-06,2023-01-15,2023-03-09,2023-02-19,2023-01-20,2023-03-09,Odyssey
43618953,2023-10-11,2024-01-10,2023-12-18,2023-11-08,2023-11-19,2023-11-19,2024-01-05,2023-12-21,2023-11-10,2023-11-16,2023-11-21,2024-01-05,Genesis
66482992,2023-11-20,2024-02-12,2024-01-12,2023-11-25,2024-01-31,2024-02-09,2024-01-02,2024-01-14,2023-11-27,2024-01-30,2024-02-12,2023-12-30,Luminary
87610158,2023-12-08,2024-03-08,2024-01-29,2023-12-22,2024-01-31,2024-03-04,2023-12-20,2024-01-30,2023-12-22,2024-01-29,2024-03-04,2023-12-23,Apex
79695473,2023-09-08,2023-11-03,2023-09-28,2023-09-24,2023-09-16,2023-11-02,2023-10-23,2023-09-28,2023-09-23,2023-09-15,2023-11-05,2023-10-22,Genesis
83513301,2023-04-22,2023-06-24,2023-05-18,2023-05-16,2023-05-12,2023-05-31,2023-04-22,2023-05-19,2023-05-17,2023-05-10,2023-06-01,2023-04-25,Horizon
27336909,2023-12-02,2024-02-10,2024-02-01,2023-12-07,2024-01-21,2023-12-08,2023-12-02,2024-02-04,2023-12-06,2024-01-23,2023-12-11,2023-11-29,Genesis
54545267,2023-09-06,2023-10-25,2023-10-03,2023-09-21,2023-09-19,2023-09-19,2023-09-17,2023-09-30,2023-09-23,2023-09-22,2023-09-22,2023-09-17,Genesis
86434633,2023-05-10,2023-06-28,2023-05-10,2023-06-10,2023-05-24,2023-06-11,2023-05-16,2023-05-07,2023-06-13,2023-05-22,2023-06-11,2023-05-16,Endeavor
98017593,2023-02-03,2023-03-24,2023-03-11,2023-02-23,2023-02-27,2023-03-18,2023-03-07,2023-03-11,2023-02-21,2023-03-01,2023-03-16,2023-03-09,Odyssey
81574976,2023-09-22,2023-11-24,2023-11-08,2023-11-06,2023-11-13,2023-11-12,2023-09-30,2023-11-06,2023-11-09,2023-11-12,2023-11-09,2023-10-02,Apex
62108559,2023-02-01,2023-04-05,2023-03-03,2023-03-15,2023-03-10,2023-03-12,2023-03-25,2023-03-02,2023-03-12,2023-03-09,2023-03-14,2023-03-27,Genesis
36901693,2023-07-06,2023-08-31,2023-08-28,2023-08-16,2023-08-25,2023-07-13,2023-07-27,2023-08-25,2023-08-16,2023-08-27,2023-07-12,2023-07-29,Endeavor
50029010,2023-02-25,2023-05-20,2023-04-28,2023-04-04,2023-05-16,2023-04-15,2023-03-27,2023-05-01,2023-04-02,2023-05-16,2023-04-17,2023-03-24,Apex
22742184,2023-02-27,2023-05-22,2023-03-05,2023-03-12,2023-03-14,2023-03-02,2023-04-05,2023-03-02,2023-03-09,2023-03-12,2023-03-02,2023-04-02,Endeavor
69748089,2023-09-08,2023-11-03,2023-11-01,2023-09-19,2023-09-14,2023-10-28,2023-10-03,2023-11-02,2023-09-17,2023-09-15,2023-10-30,2023-10-03,Apex
97113496,2023-08-08,2023-09-26,2023-09-06,2023-09-11,2023-09-23,2023-09-16,2023-09-07,2023-09-03,2023-09-13,2023-09-22,2023-09-19,2023-09-04,Luminary
95320346,2023-10-16,2024-01-15,2023-12-20,2024-01-11,2023-12-15,2023-11-30,2023-12-04,2023-12-20,2024-01-13,2023-12-13,2023-11-30,2023-12-01,Endeavor
46195645,2023-05-15,2023-07-10,2023-06-06,2023-07-02,2023-05-18,2023-06-21,2023-06-19,2023-06-06,2023-06-29,2023-05-20,2023-06-24,2023-06-16,Odyssey
41796235,2023-05-13,2023-07-01,2023-05-13,2023-06-06,2023-05-20,2023-06-28,2023-05-23,2023-05-12,2023-06-05,2023-05-19,2023-06-26,2023-05-23,Apex
96876981,2023-05-23,2023-08-22,2023-07-04,2023-08-05,2023-07-22,2023-06-15,2023-07-14,2023-07-07,2023-08-08,2023-07-25,2023-06-13,2023-07-16,Endeavor
